,stock_code,index_code,index_name
0,sz000048,801010,农林牧渔
1,sz000505,801010,农林牧渔
2,sz000592,801010,农林牧渔
3,sz000702,801010,农林牧渔
4,sz000713,801010,农林牧渔
5,sz000735,801010,农林牧渔
6,sz000798,801010,农林牧渔
7,sz000876,801010,农林牧渔
8,sz000911,801010,农林牧渔
9,sz000930,801010,农林牧渔
10,sz000972,801010,农林牧渔
11,sz000998,801010,农林牧渔
12,sz002041,801010,农林牧渔
13,sz002069,801010,农林牧渔
14,sz002086,801010,农林牧渔
15,sz002100,801010,农林牧渔
16,sz002124,801010,农林牧渔
17,sz002157,801010,农林牧渔
18,sz002234,801010,农林牧渔
19,sz002286,801010,农林牧渔
20,sz002299,801010,农林牧渔
21,sz002311,801010,农林牧渔
22,sz002321,801010,农林牧渔
23,sz002385,801010,农林牧渔
24,sz002458,801010,农林牧渔
25,sz002548,801010,农林牧渔
26,sz002567,801010,农林牧渔
27,sz002679,801010,农林牧渔
28,sz002688,801010,农林牧渔
29,sz002696,801010,农林牧渔
30,sz002714,801010,农林牧渔
31,sz002746,801010,农林牧渔
32,sz002772,801010,农林牧渔
33,sz002852,801010,农林牧渔
34,sz002868,801010,农林牧渔
35,sz002891,801010,农林牧渔
36,sz002982,801010,农林牧渔
37,sz300021,801010,农林牧渔
38,sz300087,801010,农林牧渔
39,sz300094,801010,农林牧渔
40,sz300106,801010,农林牧渔
41,sz300119,801010,农林牧渔
42,sz300138,801010,农林牧渔
43,sz300175,801010,农林牧渔
44,sz300189,801010,农林牧渔
45,sz300268,801010,农林牧渔
46,sz300313,801010,农林牧渔
47,sz300498,801010,农林牧渔
48,sz300511,801010,农林牧渔
49,sz300673,801010,农林牧渔
50,sz300761,801010,农林牧渔
51,sz300829,801010,农林牧渔
52,sz300871,801010,农林牧渔
53,sz300999,801010,农林牧渔
54,sh600097,801010,农林牧渔
55,sh600108,801010,农林牧渔
56,sh600127,801010,农林牧渔
57,sh600191,801010,农林牧渔
58,sh600195,801010,农林牧渔
59,sh600201,801010,农林牧渔
60,sh600251,801010,农林牧渔
61,sh600257,801010,农林牧渔
62,sh600265,801010,农林牧渔
63,sh600275,801010,农林牧渔
64,sh600298,801010,农林牧渔
65,sh600313,801010,农林牧渔
66,sh600354,801010,农林牧渔
67,sh600359,801010,农林牧渔
68,sh600371,801010,农林牧渔
69,sh600467,801010,农林牧渔
70,sh600506,801010,农林牧渔
71,sh600540,801010,农林牧渔
72,sh600598,801010,农林牧渔
73,sh600737,801010,农林牧渔
74,sh600873,801010,农林牧渔
75,sh600962,801010,农林牧渔
76,sh600975,801010,农林牧渔
77,sh601118,801010,农林牧渔
78,sh601952,801010,农林牧渔
79,sh603336,801010,农林牧渔
80,sh603363,801010,农林牧渔
81,sh603566,801010,农林牧渔
82,sh603609,801010,农林牧渔
83,sh603668,801010,农林牧渔
84,sh603718,801010,农林牧渔
85,sh603739,801010,农林牧渔
86,sh605198,801010,农林牧渔
0,sz000552,801020,采掘
1,sz000571,801020,采掘
2,sz000629,801020,采掘
3,sz000655,801020,采掘
4,sz000723,801020,采掘
5,sz000762,801020,采掘
6,sz000780,801020,采掘
7,sz000833,801020,采掘
8,sz000923,801020,采掘
9,sz000937,801020,采掘
10,sz000968,801020,采掘
11,sz000983,801020,采掘
12,sz002128,801020,采掘
13,sz002207,801020,采掘
14,sz002554,801020,采掘
15,sz002629,801020,采掘
16,sz002828,801020,采掘
17,sz002978,801020,采掘
18,sz300157,801020,采掘
19,sz300164,801020,采掘
20,sz300191,801020,采掘
21,sh600121,801020,采掘
22,sh600123,801020,采掘
23,sh600157,801020,采掘
24,sh600188,801020,采掘
25,sh600295,801020,采掘
26,sh600339,801020,采掘
27,sh600348,801020,采掘
28,sh600395,801020,采掘
29,sh600397,801020,采掘
30,sh600403,801020,采掘
31,sh600408,801020,采掘
32,sh600508,801020,采掘
33,sh600532,801020,采掘
34,sh600546,801020,采掘
35,sh600583,801020,采掘
36,sh600725,801020,采掘
37,sh600740,801020,采掘
38,sh600758,801020,采掘
39,sh600759,801020,采掘
40,sh600777,801020,采掘
41,sh600792,801020,采掘
42,sh600871,801020,采掘
43,sh600968,801020,采掘
44,sh600971,801020,采掘
45,sh600985,801020,采掘
46,sh600997,801020,采掘
47,sh601001,801020,采掘
48,sh601011,801020,采掘
49,sh601015,801020,采掘
50,sh601088,801020,采掘
51,sh601101,801020,采掘
52,sh601225,801020,采掘
53,sh601666,801020,采掘
54,sh601699,801020,采掘
55,sh601808,801020,采掘
56,sh601857,801020,采掘
57,sh601898,801020,采掘
58,sh601918,801020,采掘
59,sh601969,801020,采掘
60,sh603113,801020,采掘
61,sh603505,801020,采掘
62,sh603619,801020,采掘
63,sh603727,801020,采掘
64,sh603979,801020,采掘
0,sz000059,801030,化工
1,sz000096,801030,化工
2,sz000159,801030,化工
3,sz000301,801030,化工
4,sz000408,801030,化工
5,sz000420,801030,化工
6,sz000422,801030,化工
7,sz000510,801030,化工
8,sz000523,801030,化工
9,sz000525,801030,化工
10,sz000545,801030,化工
11,sz000553,801030,化工
12,sz000554,801030,化工
13,sz000565,801030,化工
14,sz000589,801030,化工
15,sz000599,801030,化工
16,sz000635,801030,化工
17,sz000637,801030,化工
18,sz000677,801030,化工
19,sz000683,801030,化工
20,sz000698,801030,化工
21,sz000703,801030,化工
22,sz000707,801030,化工
23,sz000731,801030,化工
24,sz000737,801030,化工
25,sz000782,801030,化工
26,sz000818,801030,化工
27,sz000819,801030,化工
28,sz000822,801030,化工
29,sz000830,801030,化工
30,sz000859,801030,化工
31,sz000881,801030,化工
32,sz000893,801030,化工
33,sz000902,801030,化工
34,sz000912,801030,化工
35,sz000936,801030,化工
36,sz000949,801030,化工
37,sz000953,801030,化工
38,sz000973,801030,化工
39,sz000985,801030,化工
40,sz000990,801030,化工
41,sz002002,801030,化工
42,sz002004,801030,化工
43,sz002037,801030,化工
44,sz002053,801030,化工
45,sz002054,801030,化工
46,sz002064,801030,化工
47,sz002068,801030,化工
48,sz002080,801030,化工
49,sz002092,801030,化工
50,sz002094,801030,化工
51,sz002096,801030,化工
52,sz002108,801030,化工
53,sz002109,801030,化工
54,sz002125,801030,化工
55,sz002136,801030,化工
56,sz002145,801030,化工
57,sz002165,801030,化工
58,sz002170,801030,化工
59,sz002172,801030,化工
60,sz002201,801030,化工
61,sz002206,801030,化工
62,sz002211,801030,化工
63,sz002215,801030,化工
64,sz002221,801030,化工
65,sz002224,801030,化工
66,sz002226,801030,化工
67,sz002246,801030,化工
68,sz002250,801030,化工
69,sz002254,801030,化工
70,sz002258,801030,化工
71,sz002263,801030,化工
72,sz002274,801030,化工
73,sz002319,801030,化工
74,sz002324,801030,化工
75,sz002326,801030,化工
76,sz002341,801030,化工
77,sz002360,801030,化工
78,sz002361,801030,化工
79,sz002381,801030,化工
80,sz002386,801030,化工
81,sz002391,801030,化工
82,sz002395,801030,化工
83,sz002407,801030,化工
84,sz002408,801030,化工
85,sz002427,801030,化工
86,sz002440,801030,化工
87,sz002442,801030,化工
88,sz002453,801030,化工
89,sz002455,801030,化工
90,sz002470,801030,化工
91,sz002476,801030,化工
92,sz002493,801030,化工
93,sz002496,801030,化工
94,sz002497,801030,化工
95,sz002513,801030,化工
96,sz002538,801030,化工
97,sz002539,801030,化工
98,sz002545,801030,化工
99,sz002549,801030,化工
100,sz002556,801030,化工
101,sz002562,801030,化工
102,sz002584,801030,化工
103,sz002588,801030,化工
104,sz002601,801030,化工
105,sz002632,801030,化工
106,sz002637,801030,化工
107,sz002643,801030,化工
108,sz002648,801030,化工
109,sz002666,801030,化工
110,sz002669,801030,化工
111,sz002683,801030,化工
112,sz002709,801030,化工
113,sz002734,801030,化工
114,sz002741,801030,化工
115,sz002748,801030,化工
116,sz002749,801030,化工
117,sz002753,801030,化工
118,sz002768,801030,化工
119,sz002778,801030,化工
120,sz002783,801030,化工
121,sz002802,801030,化工
122,sz002805,801030,化工
123,sz002809,801030,化工
124,sz002810,801030,化工
125,sz002812,801030,化工
126,sz002825,801030,化工
127,sz002827,801030,化工
128,sz002838,801030,化工
129,sz002886,801030,化工
130,sz002895,801030,化工
131,sz002909,801030,化工
132,sz002915,801030,化工
133,sz002917,801030,化工
134,sz002919,801030,化工
135,sz002942,801030,化工
136,sz002971,801030,化工
137,sz002984,801030,化工
138,sz002986,801030,化工
139,sz002998,801030,化工
140,sz002999,801030,化工
141,sz003002,801030,化工
142,sz003017,801030,化工
143,sz003022,801030,化工
144,sz300019,801030,化工
145,sz300035,801030,化工
146,sz300037,801030,化工
147,sz300041,801030,化工
148,sz300054,801030,化工
149,sz300067,801030,化工
150,sz300072,801030,化工
151,sz300073,801030,化工
152,sz300082,801030,化工
153,sz300107,801030,化工
154,sz300109,801030,化工
155,sz300121,801030,化工
156,sz300132,801030,化工
157,sz300135,801030,化工
158,sz300163,801030,化工
159,sz300169,801030,化工
160,sz300174,801030,化工
161,sz300180,801030,化工
162,sz300196,801030,化工
163,sz300200,801030,化工
164,sz300214,801030,化工
165,sz300218,801030,化工
166,sz300221,801030,化工
167,sz300225,801030,化工
168,sz300230,801030,化工
169,sz300236,801030,化工
170,sz300243,801030,化工
171,sz300261,801030,化工
172,sz300285,801030,化工
173,sz300305,801030,化工
174,sz300320,801030,化工
175,sz300321,801030,化工
176,sz300325,801030,化工
177,sz300387,801030,化工
178,sz300398,801030,化工
179,sz300405,801030,化工
180,sz300409,801030,化工
181,sz300429,801030,化工
182,sz300437,801030,化工
183,sz300446,801030,化工
184,sz300478,801030,化工
185,sz300481,801030,化工
186,sz300487,801030,化工
187,sz300505,801030,化工
188,sz300522,801030,化工
189,sz300530,801030,化工
190,sz300535,801030,化工
191,sz300537,801030,化工
192,sz300538,801030,化工
193,sz300539,801030,化工
194,sz300568,801030,化工
195,sz300575,801030,化工
196,sz300576,801030,化工
197,sz300586,801030,化工
198,sz300587,801030,化工
199,sz300596,801030,化工
200,sz300610,801030,化工
201,sz300637,801030,化工
202,sz300641,801030,化工
203,sz300644,801030,化工
204,sz300655,801030,化工
205,sz300665,801030,化工
206,sz300690,801030,化工
207,sz300699,801030,化工
208,sz300716,801030,化工
209,sz300717,801030,化工
210,sz300721,801030,化工
211,sz300727,801030,化工
212,sz300731,801030,化工
213,sz300740,801030,化工
214,sz300743,801030,化工
215,sz300758,801030,化工
216,sz300767,801030,化工
217,sz300769,801030,化工
218,sz300777,801030,化工
219,sz300796,801030,化工
220,sz300798,801030,化工
221,sz300801,801030,化工
222,sz300806,801030,化工
223,sz300821,801030,化工
224,sz300839,801030,化工
225,sz300847,801030,化工
226,sz300848,801030,化工
227,sz300856,801030,化工
228,sz300876,801030,化工
229,sz300886,801030,化工
230,sz300890,801030,化工
231,sz300891,801030,化工
232,sz300905,801030,化工
233,sz300910,801030,化工
234,sz300919,801030,化工
235,sz300920,801030,化工
236,sz300927,801030,化工
237,sh600028,801030,化工
238,sh600063,801030,化工
239,sh600075,801030,化工
240,sh600078,801030,化工
241,sh600091,801030,化工
242,sh600096,801030,化工
243,sh600141,801030,化工
244,sh600143,801030,化工
245,sh600160,801030,化工
246,sh600165,801030,化工
247,sh600176,801030,化工
248,sh600182,801030,化工
249,sh600228,801030,化工
250,sh600230,801030,化工
251,sh600249,801030,化工
252,sh600256,801030,化工
253,sh600273,801030,化工
254,sh600277,801030,化工
255,sh600299,801030,化工
256,sh600309,801030,化工
257,sh600315,801030,化工
258,sh600319,801030,化工
259,sh600328,801030,化工
260,sh600346,801030,化工
261,sh600352,801030,化工
262,sh600367,801030,化工
263,sh600378,801030,化工
264,sh600387,801030,化工
265,sh600389,801030,化工
266,sh600409,801030,化工
267,sh600423,801030,化工
268,sh600426,801030,化工
269,sh600458,801030,化工
270,sh600469,801030,化工
271,sh600470,801030,化工
272,sh600486,801030,化工
273,sh600500,801030,化工
274,sh600527,801030,化工
275,sh600589,801030,化工
276,sh600596,801030,化工
277,sh600618,801030,化工
278,sh600623,801030,化工
279,sh600688,801030,化工
280,sh600691,801030,化工
281,sh600714,801030,化工
282,sh600722,801030,化工
283,sh600727,801030,化工
284,sh600731,801030,化工
285,sh600746,801030,化工
286,sh600810,801030,化工
287,sh600844,801030,化工
288,sh600889,801030,化工
289,sh600929,801030,化工
290,sh600989,801030,化工
291,sh601058,801030,化工
292,sh601163,801030,化工
293,sh601208,801030,化工
294,sh601216,801030,化工
295,sh601233,801030,化工
296,sh601500,801030,化工
297,sh601568,801030,化工
298,sh601678,801030,化工
299,sh601966,801030,化工
300,sh603002,801030,化工
301,sh603010,801030,化工
302,sh603026,801030,化工
303,sh603033,801030,化工
304,sh603041,801030,化工
305,sh603067,801030,化工
306,sh603077,801030,化工
307,sh603078,801030,化工
308,sh603086,801030,化工
309,sh603110,801030,化工
310,sh603133,801030,化工
311,sh603155,801030,化工
312,sh603181,801030,化工
313,sh603188,801030,化工
314,sh603192,801030,化工
315,sh603217,801030,化工
316,sh603225,801030,化工
317,sh603227,801030,化工
318,sh603256,801030,化工
319,sh603266,801030,化工
320,sh603299,801030,化工
321,sh603330,801030,化工
322,sh603332,801030,化工
323,sh603353,801030,化工
324,sh603360,801030,化工
325,sh603378,801030,化工
326,sh603379,801030,化工
327,sh603580,801030,化工
328,sh603585,801030,化工
329,sh603599,801030,化工
330,sh603601,801030,化工
331,sh603605,801030,化工
332,sh603615,801030,化工
333,sh603630,801030,化工
334,sh603639,801030,化工
335,sh603650,801030,化工
336,sh603681,801030,化工
337,sh603683,801030,化工
338,sh603722,801030,化工
339,sh603725,801030,化工
340,sh603737,801030,化工
341,sh603790,801030,化工
342,sh603798,801030,化工
343,sh603810,801030,化工
344,sh603822,801030,化工
345,sh603823,801030,化工
346,sh603867,801030,化工
347,sh603879,801030,化工
348,sh603906,801030,化工
349,sh603916,801030,化工
350,sh603928,801030,化工
351,sh603938,801030,化工
352,sh603948,801030,化工
353,sh603949,801030,化工
354,sh603968,801030,化工
355,sh603970,801030,化工
356,sh603977,801030,化工
357,sh603980,801030,化工
358,sh603983,801030,化工
359,sh603991,801030,化工
360,sh605006,801030,化工
361,sh605008,801030,化工
362,sh605155,801030,化工
363,sh605166,801030,化工
364,sh605183,801030,化工
365,sh605366,801030,化工
366,sh605399,801030,化工
0,sz000708,801040,钢铁
1,sz000709,801040,钢铁
2,sz000717,801040,钢铁
3,sz000761,801040,钢铁
4,sz000778,801040,钢铁
5,sz000825,801040,钢铁
6,sz000898,801040,钢铁
7,sz000932,801040,钢铁
8,sz000959,801040,钢铁
9,sz002075,801040,钢铁
10,sz002110,801040,钢铁
11,sz002318,801040,钢铁
12,sz002443,801040,钢铁
13,sz002478,801040,钢铁
14,sz002756,801040,钢铁
15,sz300881,801040,钢铁
16,sh600010,801040,钢铁
17,sh600019,801040,钢铁
18,sh600022,801040,钢铁
19,sh600117,801040,钢铁
20,sh600126,801040,钢铁
21,sh600231,801040,钢铁
22,sh600282,801040,钢铁
23,sh600307,801040,钢铁
24,sh600399,801040,钢铁
25,sh600507,801040,钢铁
26,sh600569,801040,钢铁
27,sh600581,801040,钢铁
28,sh600782,801040,钢铁
29,sh600808,801040,钢铁
30,sh601003,801040,钢铁
31,sh601005,801040,钢铁
32,sh601686,801040,钢铁
33,sh603878,801040,钢铁
34,sh603995,801040,钢铁
0,sz000060,801050,有色金属
1,sz000426,801050,有色金属
2,sz000603,801050,有色金属
3,sz000612,801050,有色金属
4,sz000630,801050,有色金属
5,sz000633,801050,有色金属
6,sz000657,801050,有色金属
7,sz000688,801050,有色金属
8,sz000751,801050,有色金属
9,sz000758,801050,有色金属
10,sz000795,801050,有色金属
11,sz000807,801050,有色金属
12,sz000831,801050,有色金属
13,sz000878,801050,有色金属
14,sz000933,801050,有色金属
15,sz000960,801050,有色金属
16,sz000962,801050,有色金属
17,sz000969,801050,有色金属
18,sz000970,801050,有色金属
19,sz000975,801050,有色金属
20,sz002056,801050,有色金属
21,sz002057,801050,有色金属
22,sz002114,801050,有色金属
23,sz002130,801050,有色金属
24,sz002149,801050,有色金属
25,sz002155,801050,有色金属
26,sz002160,801050,有色金属
27,sz002167,801050,有色金属
28,sz002171,801050,有色金属
29,sz002182,801050,有色金属
30,sz002203,801050,有色金属
31,sz002237,801050,有色金属
32,sz002295,801050,有色金属
33,sz002340,801050,有色金属
34,sz002378,801050,有色金属
35,sz002379,801050,有色金属
36,sz002428,801050,有色金属
37,sz002460,801050,有色金属
38,sz002466,801050,有色金属
39,sz002501,801050,有色金属
40,sz002540,801050,有色金属
41,sz002578,801050,有色金属
42,sz002716,801050,有色金属
43,sz002738,801050,有色金属
44,sz002806,801050,有色金属
45,sz002824,801050,有色金属
46,sz002842,801050,有色金属
47,sz002988,801050,有色金属
48,sz002996,801050,有色金属
49,sz003038,801050,有色金属
50,sz300127,801050,有色金属
51,sz300224,801050,有色金属
52,sz300328,801050,有色金属
53,sz300337,801050,有色金属
54,sz300395,801050,有色金属
55,sz300489,801050,有色金属
56,sz300618,801050,有色金属
57,sz300697,801050,有色金属
58,sz300748,801050,有色金属
59,sz300811,801050,有色金属
60,sz300828,801050,有色金属
61,sz300835,801050,有色金属
62,sz300855,801050,有色金属
63,sz300930,801050,有色金属
64,sh600111,801050,有色金属
65,sh600114,801050,有色金属
66,sh600206,801050,有色金属
67,sh600219,801050,有色金属
68,sh600255,801050,有色金属
69,sh600259,801050,有色金属
70,sh600311,801050,有色金属
71,sh600330,801050,有色金属
72,sh600331,801050,有色金属
73,sh600338,801050,有色金属
74,sh600362,801050,有色金属
75,sh600366,801050,有色金属
76,sh600385,801050,有色金属
77,sh600392,801050,有色金属
78,sh600456,801050,有色金属
79,sh600459,801050,有色金属
80,sh600489,801050,有色金属
81,sh600490,801050,有色金属
82,sh600497,801050,有色金属
83,sh600516,801050,有色金属
84,sh600531,801050,有色金属
85,sh600547,801050,有色金属
86,sh600549,801050,有色金属
87,sh600595,801050,有色金属
88,sh600615,801050,有色金属
89,sh600711,801050,有色金属
90,sh600766,801050,有色金属
91,sh600768,801050,有色金属
92,sh600888,801050,有色金属
93,sh600961,801050,有色金属
94,sh600980,801050,有色金属
95,sh600988,801050,有色金属
96,sh601020,801050,有色金属
97,sh601069,801050,有色金属
98,sh601137,801050,有色金属
99,sh601168,801050,有色金属
100,sh601212,801050,有色金属
101,sh601388,801050,有色金属
102,sh601600,801050,有色金属
103,sh601609,801050,有色金属
104,sh601677,801050,有色金属
105,sh601702,801050,有色金属
106,sh601899,801050,有色金属
107,sh601958,801050,有色金属
108,sh603003,801050,有色金属
109,sh603045,801050,有色金属
110,sh603115,801050,有色金属
111,sh603260,801050,有色金属
112,sh603399,801050,有色金属
113,sh603527,801050,有色金属
114,sh603612,801050,有色金属
115,sh603663,801050,有色金属
116,sh603688,801050,有色金属
117,sh603799,801050,有色金属
118,sh603826,801050,有色金属
119,sh603876,801050,有色金属
120,sh603978,801050,有色金属
121,sh603993,801050,有色金属
122,sh605376,801050,有色金属
0,sz000020,801080,电子
1,sz000021,801080,电子
2,sz000045,801080,电子
3,sz000049,801080,电子
4,sz000050,801080,电子
5,sz000062,801080,电子
6,sz000100,801080,电子
7,sz000413,801080,电子
8,sz000532,801080,电子
9,sz000536,801080,电子
10,sz000541,801080,电子
11,sz000636,801080,电子
12,sz000701,801080,电子
13,sz000725,801080,电子
14,sz000727,801080,电子
15,sz000733,801080,电子
16,sz000823,801080,电子
17,sz000988,801080,电子
18,sz002005,801080,电子
19,sz002008,801080,电子
20,sz002036,801080,电子
21,sz002045,801080,电子
22,sz002049,801080,电子
23,sz002055,801080,电子
24,sz002076,801080,电子
25,sz002077,801080,电子
26,sz002079,801080,电子
27,sz002106,801080,电子
28,sz002119,801080,电子
29,sz002134,801080,电子
30,sz002138,801080,电子
31,sz002139,801080,电子
32,sz002141,801080,电子
33,sz002156,801080,电子
34,sz002161,801080,电子
35,sz002185,801080,电子
36,sz002189,801080,电子
37,sz002199,801080,电子
38,sz002214,801080,电子
39,sz002217,801080,电子
40,sz002222,801080,电子
41,sz002236,801080,电子
42,sz002241,801080,电子
43,sz002273,801080,电子
44,sz002288,801080,电子
45,sz002289,801080,电子
46,sz002351,801080,电子
47,sz002369,801080,电子
48,sz002371,801080,电子
49,sz002384,801080,电子
50,sz002387,801080,电子
51,sz002388,801080,电子
52,sz002402,801080,电子
53,sz002409,801080,电子
54,sz002414,801080,电子
55,sz002415,801080,电子
56,sz002436,801080,电子
57,sz002449,801080,电子
58,sz002456,801080,电子
59,sz002463,801080,电子
60,sz002475,801080,电子
61,sz002484,801080,电子
62,sz002547,801080,电子
63,sz002579,801080,电子
64,sz002587,801080,电子
65,sz002600,801080,电子
66,sz002618,801080,电子
67,sz002635,801080,电子
68,sz002636,801080,电子
69,sz002655,801080,电子
70,sz002660,801080,电子
71,sz002681,801080,电子
72,sz002724,801080,电子
73,sz002729,801080,电子
74,sz002745,801080,电子
75,sz002782,801080,电子
76,sz002808,801080,电子
77,sz002815,801080,电子
78,sz002841,801080,电子
79,sz002845,801080,电子
80,sz002855,801080,电子
81,sz002859,801080,电子
82,sz002861,801080,电子
83,sz002866,801080,电子
84,sz002869,801080,电子
85,sz002876,801080,电子
86,sz002881,801080,电子
87,sz002885,801080,电子
88,sz002888,801080,电子
89,sz002913,801080,电子
90,sz002916,801080,电子
91,sz002922,801080,电子
92,sz002925,801080,电子
93,sz002937,801080,电子
94,sz002938,801080,电子
95,sz002947,801080,电子
96,sz002952,801080,电子
97,sz002955,801080,电子
98,sz002962,801080,电子
99,sz002976,801080,电子
100,sz002981,801080,电子
101,sz002983,801080,电子
102,sz002992,801080,电子
103,sz002993,801080,电子
104,sz003015,801080,电子
105,sz003019,801080,电子
106,sz003026,801080,电子
107,sz003028,801080,电子
108,sz300032,801080,电子
109,sz300046,801080,电子
110,sz300053,801080,电子
111,sz300076,801080,电子
112,sz300077,801080,电子
113,sz300083,801080,电子
114,sz300088,801080,电子
115,sz300102,801080,电子
116,sz300115,801080,电子
117,sz300120,801080,电子
118,sz300128,801080,电子
119,sz300131,801080,电子
120,sz300136,801080,电子
121,sz300139,801080,电子
122,sz300162,801080,电子
123,sz300184,801080,电子
124,sz300207,801080,电子
125,sz300219,801080,电子
126,sz300220,801080,电子
127,sz300223,801080,电子
128,sz300227,801080,电子
129,sz300232,801080,电子
130,sz300241,801080,电子
131,sz300256,801080,电子
132,sz300279,801080,电子
133,sz300296,801080,电子
134,sz300301,801080,电子
135,sz300303,801080,电子
136,sz300319,801080,电子
137,sz300322,801080,电子
138,sz300323,801080,电子
139,sz300327,801080,电子
140,sz300331,801080,电子
141,sz300340,801080,电子
142,sz300346,801080,电子
143,sz300373,801080,电子
144,sz300389,801080,电子
145,sz300390,801080,电子
146,sz300408,801080,电子
147,sz300433,801080,电子
148,sz300456,801080,电子
149,sz300458,801080,电子
150,sz300460,801080,电子
151,sz300476,801080,电子
152,sz300493,801080,电子
153,sz300516,801080,电子
154,sz300543,801080,电子
155,sz300545,801080,电子
156,sz300566,801080,电子
157,sz300582,801080,电子
158,sz300602,801080,电子
159,sz300613,801080,电子
160,sz300623,801080,电子
161,sz300625,801080,电子
162,sz300632,801080,电子
163,sz300647,801080,电子
164,sz300650,801080,电子
165,sz300656,801080,电子
166,sz300657,801080,电子
167,sz300661,801080,电子
168,sz300666,801080,电子
169,sz300671,801080,电子
170,sz300672,801080,电子
171,sz300679,801080,电子
172,sz300684,801080,电子
173,sz300686,801080,电子
174,sz300691,801080,电子
175,sz300701,801080,电子
176,sz300706,801080,电子
177,sz300708,801080,电子
178,sz300709,801080,电子
179,sz300726,801080,电子
180,sz300735,801080,电子
181,sz300736,801080,电子
182,sz300739,801080,电子
183,sz300747,801080,电子
184,sz300752,801080,电子
185,sz300782,801080,电子
186,sz300787,801080,电子
187,sz300790,801080,电子
188,sz300793,801080,电子
189,sz300808,801080,电子
190,sz300822,801080,电子
191,sz300831,801080,电子
192,sz300842,801080,电子
193,sz300843,801080,电子
194,sz300852,801080,电子
195,sz300857,801080,电子
196,sz300866,801080,电子
197,sz300868,801080,电子
198,sz300889,801080,电子
199,sz300903,801080,电子
200,sz300909,801080,电子
201,sz300916,801080,电子
202,sz300936,801080,电子
203,sz300939,801080,电子
204,sz300940,801080,电子
205,sz300951,801080,电子
206,sh600071,801080,电子
207,sh600110,801080,电子
208,sh600152,801080,电子
209,sh600171,801080,电子
210,sh600183,801080,电子
211,sh600198,801080,电子
212,sh600203,801080,电子
213,sh600237,801080,电子
214,sh600261,801080,电子
215,sh600288,801080,电子
216,sh600353,801080,电子
217,sh600360,801080,电子
218,sh600363,801080,电子
219,sh600460,801080,电子
220,sh600478,801080,电子
221,sh600552,801080,电子
222,sh600563,801080,电子
223,sh600584,801080,电子
224,sh600601,801080,电子
225,sh600651,801080,电子
226,sh600666,801080,电子
227,sh600667,801080,电子
228,sh600703,801080,电子
229,sh600707,801080,电子
230,sh600745,801080,电子
231,sh600751,801080,电子
232,sh600884,801080,电子
233,sh601138,801080,电子
234,sh601231,801080,电子
235,sh603005,801080,电子
236,sh603068,801080,电子
237,sh603160,801080,电子
238,sh603186,801080,电子
239,sh603228,801080,电子
240,sh603290,801080,电子
241,sh603297,801080,电子
242,sh603303,801080,电子
243,sh603327,801080,电子
244,sh603328,801080,电子
245,sh603380,801080,电子
246,sh603386,801080,电子
247,sh603501,801080,电子
248,sh603515,801080,电子
249,sh603595,801080,电子
250,sh603629,801080,电子
251,sh603633,801080,电子
252,sh603679,801080,电子
253,sh603685,801080,电子
254,sh603738,801080,电子
255,sh603773,801080,电子
256,sh603890,801080,电子
257,sh603893,801080,电子
258,sh603920,801080,电子
259,sh603931,801080,电子
260,sh603933,801080,电子
261,sh603936,801080,电子
262,sh603986,801080,电子
263,sh603989,801080,电子
264,sh605058,801080,电子
265,sh605111,801080,电子
266,sh605118,801080,电子
267,sh605218,801080,电子
268,sh605258,801080,电子
269,sh605358,801080,电子
0,sz000016,801110,家用电器
1,sz000333,801110,家用电器
2,sz000404,801110,家用电器
3,sz000521,801110,家用电器
4,sz000651,801110,家用电器
5,sz000801,801110,家用电器
6,sz000810,801110,家用电器
7,sz000921,801110,家用电器
8,sz002011,801110,家用电器
9,sz002032,801110,家用电器
10,sz002035,801110,家用电器
11,sz002050,801110,家用电器
12,sz002052,801110,家用电器
13,sz002242,801110,家用电器
14,sz002290,801110,家用电器
15,sz002403,801110,家用电器
16,sz002418,801110,家用电器
17,sz002420,801110,家用电器
18,sz002429,801110,家用电器
19,sz002473,801110,家用电器
20,sz002508,801110,家用电器
21,sz002519,801110,家用电器
22,sz002543,801110,家用电器
23,sz002614,801110,家用电器
24,sz002668,801110,家用电器
25,sz002676,801110,家用电器
26,sz002677,801110,家用电器
27,sz002705,801110,家用电器
28,sz002723,801110,家用电器
29,sz002759,801110,家用电器
30,sz002848,801110,家用电器
31,sz002860,801110,家用电器
32,sz002959,801110,家用电器
33,sz003023,801110,家用电器
34,sz300160,801110,家用电器
35,sz300217,801110,家用电器
36,sz300247,801110,家用电器
37,sz300249,801110,家用电器
38,sz300272,801110,家用电器
39,sz300342,801110,家用电器
40,sz300403,801110,家用电器
41,sz300475,801110,家用电器
42,sz300824,801110,家用电器
43,sz300894,801110,家用电器
44,sz300911,801110,家用电器
45,sh600060,801110,家用电器
46,sh600336,801110,家用电器
47,sh600619,801110,家用电器
48,sh600690,801110,家用电器
49,sh600839,801110,家用电器
50,sh600854,801110,家用电器
51,sh600983,801110,家用电器
52,sh601956,801110,家用电器
53,sh603112,801110,家用电器
54,sh603311,801110,家用电器
55,sh603355,801110,家用电器
56,sh603366,801110,家用电器
57,sh603519,801110,家用电器
58,sh603551,801110,家用电器
59,sh603578,801110,家用电器
60,sh603579,801110,家用电器
61,sh603657,801110,家用电器
62,sh603677,801110,家用电器
63,sh603726,801110,家用电器
64,sh603868,801110,家用电器
65,sh603996,801110,家用电器
66,sh605336,801110,家用电器
0,sz000568,801120,食品饮料
1,sz000596,801120,食品饮料
2,sz000639,801120,食品饮料
3,sz000716,801120,食品饮料
4,sz000729,801120,食品饮料
5,sz000752,801120,食品饮料
6,sz000799,801120,食品饮料
7,sz000848,801120,食品饮料
8,sz000858,801120,食品饮料
9,sz000860,801120,食品饮料
10,sz000869,801120,食品饮料
11,sz000895,801120,食品饮料
12,sz000929,801120,食品饮料
13,sz000995,801120,食品饮料
14,sz002216,801120,食品饮料
15,sz002304,801120,食品饮料
16,sz002329,801120,食品饮料
17,sz002330,801120,食品饮料
18,sz002461,801120,食品饮料
19,sz002481,801120,食品饮料
20,sz002495,801120,食品饮料
21,sz002507,801120,食品饮料
22,sz002515,801120,食品饮料
23,sz002557,801120,食品饮料
24,sz002568,801120,食品饮料
25,sz002570,801120,食品饮料
26,sz002582,801120,食品饮料
27,sz002597,801120,食品饮料
28,sz002646,801120,食品饮料
29,sz002650,801120,食品饮料
30,sz002661,801120,食品饮料
31,sz002695,801120,食品饮料
32,sz002702,801120,食品饮料
33,sz002719,801120,食品饮料
34,sz002726,801120,食品饮料
35,sz002732,801120,食品饮料
36,sz002770,801120,食品饮料
37,sz002820,801120,食品饮料
38,sz002840,801120,食品饮料
39,sz002847,801120,食品饮料
40,sz002910,801120,食品饮料
41,sz002946,801120,食品饮料
42,sz002956,801120,食品饮料
43,sz002991,801120,食品饮料
44,sz003000,801120,食品饮料
45,sz003030,801120,食品饮料
46,sz300146,801120,食品饮料
47,sz300741,801120,食品饮料
48,sz300783,801120,食品饮料
49,sz300791,801120,食品饮料
50,sz300858,801120,食品饮料
51,sz300892,801120,食品饮料
52,sz300898,801120,食品饮料
53,sz300908,801120,食品饮料
54,sz300915,801120,食品饮料
55,sh600059,801120,食品饮料
56,sh600073,801120,食品饮料
57,sh600084,801120,食品饮料
58,sh600132,801120,食品饮料
59,sh600186,801120,食品饮料
60,sh600189,801120,食品饮料
61,sh600197,801120,食品饮料
62,sh600199,801120,食品饮料
63,sh600238,801120,食品饮料
64,sh600300,801120,食品饮料
65,sh600305,801120,食品饮料
66,sh600365,801120,食品饮料
67,sh600381,801120,食品饮料
68,sh600419,801120,食品饮料
69,sh600429,801120,食品饮料
70,sh600519,801120,食品饮料
71,sh600543,801120,食品饮料
72,sh600559,801120,食品饮料
73,sh600573,801120,食品饮料
74,sh600597,801120,食品饮料
75,sh600600,801120,食品饮料
76,sh600616,801120,食品饮料
77,sh600702,801120,食品饮料
78,sh600779,801120,食品饮料
79,sh600809,801120,食品饮料
80,sh600866,801120,食品饮料
81,sh600872,801120,食品饮料
82,sh600882,801120,食品饮料
83,sh600887,801120,食品饮料
84,sh601579,801120,食品饮料
85,sh603020,801120,食品饮料
86,sh603027,801120,食品饮料
87,sh603043,801120,食品饮料
88,sh603156,801120,食品饮料
89,sh603198,801120,食品饮料
90,sh603288,801120,食品饮料
91,sh603317,801120,食品饮料
92,sh603345,801120,食品饮料
93,sh603369,801120,食品饮料
94,sh603517,801120,食品饮料
95,sh603536,801120,食品饮料
96,sh603589,801120,食品饮料
97,sh603696,801120,食品饮料
98,sh603697,801120,食品饮料
99,sh603711,801120,食品饮料
100,sh603719,801120,食品饮料
101,sh603755,801120,食品饮料
102,sh603777,801120,食品饮料
103,sh603779,801120,食品饮料
104,sh603866,801120,食品饮料
105,sh603886,801120,食品饮料
106,sh603919,801120,食品饮料
107,sh605077,801120,食品饮料
108,sh605179,801120,食品饮料
109,sh605337,801120,食品饮料
110,sh605338,801120,食品饮料
111,sh605388,801120,食品饮料
0,sz000611,801130,纺织服装
1,sz000726,801130,纺织服装
2,sz000850,801130,纺织服装
3,sz000955,801130,纺织服装
4,sz000982,801130,纺织服装
5,sz002003,801130,纺织服装
6,sz002029,801130,纺织服装
7,sz002042,801130,纺织服装
8,sz002083,801130,纺织服装
9,sz002087,801130,纺织服装
10,sz002098,801130,纺织服装
11,sz002144,801130,纺织服装
12,sz002154,801130,纺织服装
13,sz002193,801130,纺织服装
14,sz002269,801130,纺织服装
15,sz002291,801130,纺织服装
16,sz002293,801130,纺织服装
17,sz002327,801130,纺织服装
18,sz002394,801130,纺织服装
19,sz002397,801130,纺织服装
20,sz002404,801130,纺织服装
21,sz002485,801130,纺织服装
22,sz002486,801130,纺织服装
23,sz002494,801130,纺织服装
24,sz002503,801130,纺织服装
25,sz002563,801130,纺织服装
26,sz002569,801130,纺织服装
27,sz002612,801130,纺织服装
28,sz002634,801130,纺织服装
29,sz002656,801130,纺织服装
30,sz002674,801130,纺织服装
31,sz002687,801130,纺织服装
32,sz002762,801130,纺织服装
33,sz002763,801130,纺织服装
34,sz002776,801130,纺织服装
35,sz002780,801130,纺织服装
36,sz002832,801130,纺织服装
37,sz002875,801130,纺织服装
38,sz003016,801130,纺织服装
39,sz300005,801130,纺织服装
40,sz300526,801130,纺织服装
41,sz300577,801130,纺织服装
42,sz300591,801130,纺织服装
43,sz300658,801130,纺织服装
44,sz300819,801130,纺织服装
45,sz300840,801130,纺织服装
46,sz300877,801130,纺织服装
47,sz300888,801130,纺织服装
48,sz300901,801130,纺织服装
49,sz300918,801130,纺织服装
50,sh600107,801130,纺织服装
51,sh600137,801130,纺织服装
52,sh600146,801130,纺织服装
53,sh600156,801130,纺织服装
54,sh600220,801130,纺织服装
55,sh600232,801130,纺织服装
56,sh600370,801130,纺织服装
57,sh600398,801130,纺织服装
58,sh600400,801130,纺织服装
59,sh600448,801130,纺织服装
60,sh600493,801130,纺织服装
61,sh600630,801130,纺织服装
62,sh600689,801130,纺织服装
63,sh600824,801130,纺织服装
64,sh600987,801130,纺织服装
65,sh601339,801130,纺织服装
66,sh601566,801130,纺织服装
67,sh601718,801130,纺织服装
68,sh603001,801130,纺织服装
69,sh603055,801130,纺织服装
70,sh603116,801130,纺织服装
71,sh603157,801130,纺织服装
72,sh603196,801130,纺织服装
73,sh603238,801130,纺织服装
74,sh603365,801130,纺织服装
75,sh603477,801130,纺织服装
76,sh603518,801130,纺织服装
77,sh603555,801130,纺织服装
78,sh603557,801130,纺织服装
79,sh603558,801130,纺织服装
80,sh603587,801130,纺织服装
81,sh603608,801130,纺织服装
82,sh603665,801130,纺织服装
83,sh603808,801130,纺织服装
84,sh603839,801130,纺织服装
85,sh603877,801130,纺织服装
86,sh603889,801130,纺织服装
87,sh603908,801130,纺织服装
88,sh603958,801130,纺织服装
89,sh605003,801130,纺织服装
90,sh605055,801130,纺织服装
0,sz000026,801140,轻工制造
1,sz000488,801140,轻工制造
2,sz000587,801140,轻工制造
3,sz000659,801140,轻工制造
4,sz000663,801140,轻工制造
5,sz000695,801140,轻工制造
6,sz000812,801140,轻工制造
7,sz000815,801140,轻工制造
8,sz000910,801140,轻工制造
9,sz002012,801140,轻工制造
10,sz002014,801140,轻工制造
11,sz002067,801140,轻工制造
12,sz002078,801140,轻工制造
13,sz002084,801140,轻工制造
14,sz002117,801140,轻工制造
15,sz002191,801140,轻工制造
16,sz002228,801140,轻工制造
17,sz002229,801140,轻工制造
18,sz002235,801140,轻工制造
19,sz002240,801140,轻工制造
20,sz002243,801140,轻工制造
21,sz002301,801140,轻工制造
22,sz002303,801140,轻工制造
23,sz002345,801140,轻工制造
24,sz002348,801140,轻工制造
25,sz002356,801140,轻工制造
26,sz002489,801140,轻工制造
27,sz002511,801140,轻工制造
28,sz002521,801140,轻工制造
29,sz002522,801140,轻工制造
30,sz002565,801140,轻工制造
31,sz002571,801140,轻工制造
32,sz002572,801140,轻工制造
33,sz002574,801140,轻工制造
34,sz002575,801140,轻工制造
35,sz002585,801140,轻工制造
36,sz002599,801140,轻工制造
37,sz002605,801140,轻工制造
38,sz002615,801140,轻工制造
39,sz002631,801140,轻工制造
40,sz002678,801140,轻工制造
41,sz002701,801140,轻工制造
42,sz002721,801140,轻工制造
43,sz002731,801140,轻工制造
44,sz002735,801140,轻工制造
45,sz002740,801140,轻工制造
46,sz002751,801140,轻工制造
47,sz002752,801140,轻工制造
48,sz002787,801140,轻工制造
49,sz002790,801140,轻工制造
50,sz002799,801140,轻工制造
51,sz002803,801140,轻工制造
52,sz002831,801140,轻工制造
53,sz002836,801140,轻工制造
54,sz002846,801140,轻工制造
55,sz002853,801140,轻工制造
56,sz002862,801140,轻工制造
57,sz002867,801140,轻工制造
58,sz002899,801140,轻工制造
59,sz002951,801140,轻工制造
60,sz002969,801140,轻工制造
61,sz003003,801140,轻工制造
62,sz003006,801140,轻工制造
63,sz003011,801140,轻工制造
64,sz003018,801140,轻工制造
65,sz300057,801140,轻工制造
66,sz300329,801140,轻工制造
67,sz300501,801140,轻工制造
68,sz300616,801140,轻工制造
69,sz300640,801140,轻工制造
70,sz300651,801140,轻工制造
71,sz300703,801140,轻工制造
72,sz300729,801140,轻工制造
73,sz300749,801140,轻工制造
74,sz300849,801140,轻工制造
75,sz300883,801140,轻工制造
76,sz300945,801140,轻工制造
77,sh600076,801140,轻工制造
78,sh600103,801140,轻工制造
79,sh600135,801140,轻工制造
80,sh600210,801140,轻工制造
81,sh600235,801140,轻工制造
82,sh600308,801140,轻工制造
83,sh600337,801140,轻工制造
84,sh600356,801140,轻工制造
85,sh600433,801140,轻工制造
86,sh600439,801140,轻工制造
87,sh600539,801140,轻工制造
88,sh600567,801140,轻工制造
89,sh600612,801140,轻工制造
90,sh600735,801140,轻工制造
91,sh600793,801140,轻工制造
92,sh600836,801140,轻工制造
93,sh600916,801140,轻工制造
94,sh600963,801140,轻工制造
95,sh600966,801140,轻工制造
96,sh600978,801140,轻工制造
97,sh601515,801140,轻工制造
98,sh601968,801140,轻工制造
99,sh601996,801140,轻工制造
100,sh603008,801140,轻工制造
101,sh603021,801140,轻工制造
102,sh603022,801140,轻工制造
103,sh603058,801140,轻工制造
104,sh603059,801140,轻工制造
105,sh603165,801140,轻工制造
106,sh603180,801140,轻工制造
107,sh603195,801140,轻工制造
108,sh603208,801140,轻工制造
109,sh603221,801140,轻工制造
110,sh603226,801140,轻工制造
111,sh603268,801140,轻工制造
112,sh603313,801140,轻工制造
113,sh603326,801140,轻工制造
114,sh603385,801140,轻工制造
115,sh603389,801140,轻工制造
116,sh603398,801140,轻工制造
117,sh603408,801140,轻工制造
118,sh603429,801140,轻工制造
119,sh603499,801140,轻工制造
120,sh603600,801140,轻工制造
121,sh603607,801140,轻工制造
122,sh603610,801140,轻工制造
123,sh603661,801140,轻工制造
124,sh603687,801140,轻工制造
125,sh603709,801140,轻工制造
126,sh603733,801140,轻工制造
127,sh603801,801140,轻工制造
128,sh603816,801140,轻工制造
129,sh603818,801140,轻工制造
130,sh603833,801140,轻工制造
131,sh603838,801140,轻工制造
132,sh603848,801140,轻工制造
133,sh603863,801140,轻工制造
134,sh603898,801140,轻工制造
135,sh603899,801140,轻工制造
136,sh603992,801140,轻工制造
137,sh605007,801140,轻工制造
138,sh605009,801140,轻工制造
139,sh605099,801140,轻工制造
140,sh605268,801140,轻工制造
141,sh605299,801140,轻工制造
142,sh605377,801140,轻工制造
143,sh605500,801140,轻工制造
0,sz000004,801150,医药生物
1,sz000028,801150,医药生物
2,sz000078,801150,医药生物
3,sz000150,801150,医药生物
4,sz000153,801150,医药生物
5,sz000403,801150,医药生物
6,sz000411,801150,医药生物
7,sz000423,801150,医药生物
8,sz000503,801150,医药生物
9,sz000504,801150,医药生物
10,sz000509,801150,医药生物
11,sz000513,801150,医药生物
12,sz000516,801150,医药生物
13,sz000518,801150,医药生物
14,sz000534,801150,医药生物
15,sz000538,801150,医药生物
16,sz000566,801150,医药生物
17,sz000590,801150,医药生物
18,sz000597,801150,医药生物
19,sz000623,801150,医药生物
20,sz000650,801150,医药生物
21,sz000661,801150,医药生物
22,sz000705,801150,医药生物
23,sz000710,801150,医药生物
24,sz000739,801150,医药生物
25,sz000756,801150,医药生物
26,sz000766,801150,医药生物
27,sz000788,801150,医药生物
28,sz000790,801150,医药生物
29,sz000813,801150,医药生物
30,sz000908,801150,医药生物
31,sz000915,801150,医药生物
32,sz000919,801150,医药生物
33,sz000931,801150,医药生物
34,sz000950,801150,医药生物
35,sz000952,801150,医药生物
36,sz000963,801150,医药生物
37,sz000989,801150,医药生物
38,sz000999,801150,医药生物
39,sz002001,801150,医药生物
40,sz002007,801150,医药生物
41,sz002019,801150,医药生物
42,sz002020,801150,医药生物
43,sz002022,801150,医药生物
44,sz002030,801150,医药生物
45,sz002038,801150,医药生物
46,sz002044,801150,医药生物
47,sz002099,801150,医药生物
48,sz002102,801150,医药生物
49,sz002107,801150,医药生物
50,sz002118,801150,医药生物
51,sz002166,801150,医药生物
52,sz002173,801150,医药生物
53,sz002198,801150,医药生物
54,sz002219,801150,医药生物
55,sz002223,801150,医药生物
56,sz002252,801150,医药生物
57,sz002262,801150,医药生物
58,sz002275,801150,医药生物
59,sz002287,801150,医药生物
60,sz002294,801150,医药生物
61,sz002317,801150,医药生物
62,sz002332,801150,医药生物
63,sz002349,801150,医药生物
64,sz002365,801150,医药生物
65,sz002370,801150,医药生物
66,sz002382,801150,医药生物
67,sz002390,801150,医药生物
68,sz002393,801150,医药生物
69,sz002399,801150,医药生物
70,sz002411,801150,医药生物
71,sz002412,801150,医药生物
72,sz002422,801150,医药生物
73,sz002424,801150,医药生物
74,sz002432,801150,医药生物
75,sz002433,801150,医药生物
76,sz002435,801150,医药生物
77,sz002437,801150,医药生物
78,sz002462,801150,医药生物
79,sz002524,801150,医药生物
80,sz002550,801150,医药生物
81,sz002551,801150,医药生物
82,sz002566,801150,医药生物
83,sz002581,801150,医药生物
84,sz002589,801150,医药生物
85,sz002603,801150,医药生物
86,sz002626,801150,医药生物
87,sz002644,801150,医药生物
88,sz002653,801150,医药生物
89,sz002675,801150,医药生物
90,sz002693,801150,医药生物
91,sz002727,801150,医药生物
92,sz002728,801150,医药生物
93,sz002737,801150,医药生物
94,sz002750,801150,医药生物
95,sz002755,801150,医药生物
96,sz002758,801150,医药生物
97,sz002773,801150,医药生物
98,sz002788,801150,医药生物
99,sz002793,801150,医药生物
100,sz002817,801150,医药生物
101,sz002821,801150,医药生物
102,sz002826,801150,医药生物
103,sz002864,801150,医药生物
104,sz002872,801150,医药生物
105,sz002873,801150,医药生物
106,sz002880,801150,医药生物
107,sz002898,801150,医药生物
108,sz002900,801150,医药生物
109,sz002901,801150,医药生物
110,sz002907,801150,医药生物
111,sz002923,801150,医药生物
112,sz002932,801150,医药生物
113,sz002940,801150,医药生物
114,sz002950,801150,医药生物
115,sz003020,801150,医药生物
116,sz300003,801150,医药生物
117,sz300006,801150,医药生物
118,sz300009,801150,医药生物
119,sz300015,801150,医药生物
120,sz300016,801150,医药生物
121,sz300026,801150,医药生物
122,sz300030,801150,医药生物
123,sz300039,801150,医药生物
124,sz300049,801150,医药生物
125,sz300086,801150,医药生物
126,sz300108,801150,医药生物
127,sz300110,801150,医药生物
128,sz300122,801150,医药生物
129,sz300142,801150,医药生物
130,sz300143,801150,医药生物
131,sz300147,801150,医药生物
132,sz300149,801150,医药生物
133,sz300158,801150,医药生物
134,sz300181,801150,医药生物
135,sz300194,801150,医药生物
136,sz300199,801150,医药生物
137,sz300204,801150,医药生物
138,sz300206,801150,医药生物
139,sz300233,801150,医药生物
140,sz300238,801150,医药生物
141,sz300239,801150,医药生物
142,sz300244,801150,医药生物
143,sz300246,801150,医药生物
144,sz300254,801150,医药生物
145,sz300255,801150,医药生物
146,sz300267,801150,医药生物
147,sz300273,801150,医药生物
148,sz300289,801150,医药生物
149,sz300294,801150,医药生物
150,sz300298,801150,医药生物
151,sz300314,801150,医药生物
152,sz300318,801150,医药生物
153,sz300326,801150,医药生物
154,sz300347,801150,医药生物
155,sz300357,801150,医药生物
156,sz300358,801150,医药生物
157,sz300363,801150,医药生物
158,sz300381,801150,医药生物
159,sz300396,801150,医药生物
160,sz300401,801150,医药生物
161,sz300404,801150,医药生物
162,sz300406,801150,医药生物
163,sz300434,801150,医药生物
164,sz300436,801150,医药生物
165,sz300439,801150,医药生物
166,sz300452,801150,医药生物
167,sz300453,801150,医药生物
168,sz300463,801150,医药生物
169,sz300482,801150,医药生物
170,sz300485,801150,医药生物
171,sz300497,801150,医药生物
172,sz300519,801150,医药生物
173,sz300529,801150,医药生物
174,sz300534,801150,医药生物
175,sz300558,801150,医药生物
176,sz300562,801150,医药生物
177,sz300573,801150,医药生物
178,sz300583,801150,医药生物
179,sz300584,801150,医药生物
180,sz300595,801150,医药生物
181,sz300601,801150,医药生物
182,sz300630,801150,医药生物
183,sz300633,801150,医药生物
184,sz300636,801150,医药生物
185,sz300639,801150,医药生物
186,sz300642,801150,医药生物
187,sz300653,801150,医药生物
188,sz300676,801150,医药生物
189,sz300677,801150,医药生物
190,sz300683,801150,医药生物
191,sz300685,801150,医药生物
192,sz300702,801150,医药生物
193,sz300705,801150,医药生物
194,sz300723,801150,医药生物
195,sz300725,801150,医药生物
196,sz300753,801150,医药生物
197,sz300759,801150,医药生物
198,sz300760,801150,医药生物
199,sz300765,801150,医药生物
200,sz300832,801150,医药生物
201,sz300841,801150,医药生物
202,sz300869,801150,医药生物
203,sz300878,801150,医药生物
204,sz300896,801150,医药生物
205,sz300937,801150,医药生物
206,sh600055,801150,医药生物
207,sh600056,801150,医药生物
208,sh600062,801150,医药生物
209,sh600079,801150,医药生物
210,sh600080,801150,医药生物
211,sh600085,801150,医药生物
212,sh600090,801150,医药生物
213,sh600129,801150,医药生物
214,sh600161,801150,医药生物
215,sh600196,801150,医药生物
216,sh600200,801150,医药生物
217,sh600211,801150,医药生物
218,sh600216,801150,医药生物
219,sh600222,801150,医药生物
220,sh600227,801150,医药生物
221,sh600252,801150,医药生物
222,sh600267,801150,医药生物
223,sh600272,801150,医药生物
224,sh600276,801150,医药生物
225,sh600285,801150,医药生物
226,sh600329,801150,医药生物
227,sh600332,801150,医药生物
228,sh600351,801150,医药生物
229,sh600380,801150,医药生物
230,sh600420,801150,医药生物
231,sh600422,801150,医药生物
232,sh600436,801150,医药生物
233,sh600479,801150,医药生物
234,sh600488,801150,医药生物
235,sh600511,801150,医药生物
236,sh600513,801150,医药生物
237,sh600518,801150,医药生物
238,sh600521,801150,医药生物
239,sh600529,801150,医药生物
240,sh600530,801150,医药生物
241,sh600535,801150,医药生物
242,sh600538,801150,医药生物
243,sh600557,801150,医药生物
244,sh600566,801150,医药生物
245,sh600572,801150,医药生物
246,sh600587,801150,医药生物
247,sh600594,801150,医药生物
248,sh600613,801150,医药生物
249,sh600645,801150,医药生物
250,sh600664,801150,医药生物
251,sh600671,801150,医药生物
252,sh600673,801150,医药生物
253,sh600682,801150,医药生物
254,sh600713,801150,医药生物
255,sh600721,801150,医药生物
256,sh600739,801150,医药生物
257,sh600750,801150,医药生物
258,sh600763,801150,医药生物
259,sh600767,801150,医药生物
260,sh600771,801150,医药生物
261,sh600781,801150,医药生物
262,sh600789,801150,医药生物
263,sh600796,801150,医药生物
264,sh600812,801150,医药生物
265,sh600829,801150,医药生物
266,sh600833,801150,医药生物
267,sh600851,801150,医药生物
268,sh600867,801150,医药生物
269,sh600896,801150,医药生物
270,sh600976,801150,医药生物
271,sh600993,801150,医药生物
272,sh600998,801150,医药生物
273,sh601607,801150,医药生物
274,sh603079,801150,医药生物
275,sh603087,801150,医药生物
276,sh603108,801150,医药生物
277,sh603127,801150,医药生物
278,sh603139,801150,医药生物
279,sh603168,801150,医药生物
280,sh603222,801150,医药生物
281,sh603229,801150,医药生物
282,sh603233,801150,医药生物
283,sh603259,801150,医药生物
284,sh603301,801150,医药生物
285,sh603309,801150,医药生物
286,sh603351,801150,医药生物
287,sh603367,801150,医药生物
288,sh603368,801150,医药生物
289,sh603387,801150,医药生物
290,sh603392,801150,医药生物
291,sh603439,801150,医药生物
292,sh603456,801150,医药生物
293,sh603520,801150,医药生物
294,sh603538,801150,医药生物
295,sh603567,801150,医药生物
296,sh603590,801150,医药生物
297,sh603658,801150,医药生物
298,sh603669,801150,医药生物
299,sh603676,801150,医药生物
300,sh603707,801150,医药生物
301,sh603716,801150,医药生物
302,sh603811,801150,医药生物
303,sh603858,801150,医药生物
304,sh603880,801150,医药生物
305,sh603882,801150,医药生物
306,sh603883,801150,医药生物
307,sh603896,801150,医药生物
308,sh603939,801150,医药生物
309,sh603963,801150,医药生物
310,sh603976,801150,医药生物
311,sh603987,801150,医药生物
312,sh603998,801150,医药生物
313,sh605116,801150,医药生物
314,sh605177,801150,医药生物
315,sh605199,801150,医药生物
316,sh605266,801150,医药生物
317,sh605369,801150,医药生物
0,sz000005,801160,公用事业
1,sz000027,801160,公用事业
2,sz000035,801160,公用事业
3,sz000037,801160,公用事业
4,sz000040,801160,公用事业
5,sz000068,801160,公用事业
6,sz000155,801160,公用事业
7,sz000407,801160,公用事业
8,sz000421,801160,公用事业
9,sz000531,801160,公用事业
10,sz000539,801160,公用事业
11,sz000543,801160,公用事业
12,sz000544,801160,公用事业
13,sz000591,801160,公用事业
14,sz000593,801160,公用事业
15,sz000598,801160,公用事业
16,sz000600,801160,公用事业
17,sz000601,801160,公用事业
18,sz000605,801160,公用事业
19,sz000669,801160,公用事业
20,sz000685,801160,公用事业
21,sz000690,801160,公用事业
22,sz000692,801160,公用事业
23,sz000711,801160,公用事业
24,sz000720,801160,公用事业
25,sz000722,801160,公用事业
26,sz000767,801160,公用事业
27,sz000791,801160,公用事业
28,sz000820,801160,公用事业
29,sz000826,801160,公用事业
30,sz000862,801160,公用事业
31,sz000875,801160,公用事业
32,sz000883,801160,公用事业
33,sz000899,801160,公用事业
34,sz000920,801160,公用事业
35,sz000966,801160,公用事业
36,sz000967,801160,公用事业
37,sz000993,801160,公用事业
38,sz001896,801160,公用事业
39,sz002015,801160,公用事业
40,sz002034,801160,公用事业
41,sz002039,801160,公用事业
42,sz002205,801160,公用事业
43,sz002256,801160,公用事业
44,sz002259,801160,公用事业
45,sz002266,801160,公用事业
46,sz002267,801160,公用事业
47,sz002479,801160,公用事业
48,sz002499,801160,公用事业
49,sz002573,801160,公用事业
50,sz002608,801160,公用事业
51,sz002610,801160,公用事业
52,sz002616,801160,公用事业
53,sz002658,801160,公用事业
54,sz002672,801160,公用事业
55,sz002700,801160,公用事业
56,sz002887,801160,公用事业
57,sz002893,801160,公用事业
58,sz002911,801160,公用事业
59,sz002973,801160,公用事业
60,sz003027,801160,公用事业
61,sz003035,801160,公用事业
62,sz003816,801160,公用事业
63,sz300055,801160,公用事业
64,sz300056,801160,公用事业
65,sz300070,801160,公用事业
66,sz300125,801160,公用事业
67,sz300137,801160,公用事业
68,sz300140,801160,公用事业
69,sz300152,801160,公用事业
70,sz300172,801160,公用事业
71,sz300187,801160,公用事业
72,sz300190,801160,公用事业
73,sz300203,801160,公用事业
74,sz300262,801160,公用事业
75,sz300263,801160,公用事业
76,sz300266,801160,公用事业
77,sz300332,801160,公用事业
78,sz300334,801160,公用事业
79,sz300335,801160,公用事业
80,sz300388,801160,公用事业
81,sz300422,801160,公用事业
82,sz300425,801160,公用事业
83,sz300435,801160,公用事业
84,sz300631,801160,公用事业
85,sz300664,801160,公用事业
86,sz300692,801160,公用事业
87,sz300779,801160,公用事业
88,sz300815,801160,公用事业
89,sz300864,801160,公用事业
90,sz300867,801160,公用事业
91,sz300899,801160,公用事业
92,sz300929,801160,公用事业
93,sh600008,801160,公用事业
94,sh600011,801160,公用事业
95,sh600021,801160,公用事业
96,sh600023,801160,公用事业
97,sh600025,801160,公用事业
98,sh600027,801160,公用事业
99,sh600098,801160,公用事业
100,sh600101,801160,公用事业
101,sh600116,801160,公用事业
102,sh600131,801160,公用事业
103,sh600163,801160,公用事业
104,sh600167,801160,公用事业
105,sh600168,801160,公用事业
106,sh600187,801160,公用事业
107,sh600217,801160,公用事业
108,sh600236,801160,公用事业
109,sh600283,801160,公用事业
110,sh600292,801160,公用事业
111,sh600310,801160,公用事业
112,sh600323,801160,公用事业
113,sh600333,801160,公用事业
114,sh600396,801160,公用事业
115,sh600452,801160,公用事业
116,sh600461,801160,公用事业
117,sh600483,801160,公用事业
118,sh600505,801160,公用事业
119,sh600509,801160,公用事业
120,sh600578,801160,公用事业
121,sh600617,801160,公用事业
122,sh600635,801160,公用事业
123,sh600642,801160,公用事业
124,sh600644,801160,公用事业
125,sh600674,801160,公用事业
126,sh600681,801160,公用事业
127,sh600719,801160,公用事业
128,sh600726,801160,公用事业
129,sh600744,801160,公用事业
130,sh600780,801160,公用事业
131,sh600795,801160,公用事业
132,sh600803,801160,公用事业
133,sh600856,801160,公用事业
134,sh600863,801160,公用事业
135,sh600868,801160,公用事业
136,sh600874,801160,公用事业
137,sh600886,801160,公用事业
138,sh600900,801160,公用事业
139,sh600903,801160,公用事业
140,sh600917,801160,公用事业
141,sh600956,801160,公用事业
142,sh600969,801160,公用事业
143,sh600979,801160,公用事业
144,sh600982,801160,公用事业
145,sh600995,801160,公用事业
146,sh601016,801160,公用事业
147,sh601139,801160,公用事业
148,sh601158,801160,公用事业
149,sh601199,801160,公用事业
150,sh601200,801160,公用事业
151,sh601330,801160,公用事业
152,sh601368,801160,公用事业
153,sh601619,801160,公用事业
154,sh601778,801160,公用事业
155,sh601827,801160,公用事业
156,sh601985,801160,公用事业
157,sh601991,801160,公用事业
158,sh603053,801160,公用事业
159,sh603080,801160,公用事业
160,sh603105,801160,公用事业
161,sh603126,801160,公用事业
162,sh603177,801160,公用事业
163,sh603200,801160,公用事业
164,sh603393,801160,公用事业
165,sh603568,801160,公用事业
166,sh603588,801160,公用事业
167,sh603603,801160,公用事业
168,sh603689,801160,公用事业
169,sh603693,801160,公用事业
170,sh603706,801160,公用事业
171,sh603797,801160,公用事业
172,sh603817,801160,公用事业
173,sh603903,801160,公用事业
174,sh605169,801160,公用事业
175,sh605368,801160,公用事业
0,sz000088,801170,交通运输
1,sz000089,801170,交通运输
2,sz000099,801170,交通运输
3,sz000429,801170,交通运输
4,sz000507,801170,交通运输
5,sz000520,801170,交通运输
6,sz000548,801170,交通运输
7,sz000557,801170,交通运输
8,sz000582,801170,交通运输
9,sz000755,801170,交通运输
10,sz000828,801170,交通运输
11,sz000885,801170,交通运输
12,sz000886,801170,交通运输
13,sz000900,801170,交通运输
14,sz000905,801170,交通运输
15,sz001872,801170,交通运输
16,sz001965,801170,交通运输
17,sz002010,801170,交通运输
18,sz002040,801170,交通运输
19,sz002120,801170,交通运输
20,sz002183,801170,交通运输
21,sz002210,801170,交通运输
22,sz002245,801170,交通运输
23,sz002320,801170,交通运输
24,sz002352,801170,交通运输
25,sz002357,801170,交通运输
26,sz002468,801170,交通运输
27,sz002492,801170,交通运输
28,sz002627,801170,交通运输
29,sz002682,801170,交通运输
30,sz002769,801170,交通运输
31,sz002800,801170,交通运输
32,sz002889,801170,交通运输
33,sz002928,801170,交通运输
34,sz002930,801170,交通运输
35,sz300013,801170,交通运输
36,sz300240,801170,交通运输
37,sz300350,801170,交通运输
38,sz300873,801170,交通运输
39,sh600004,801170,交通运输
40,sh600009,801170,交通运输
41,sh600012,801170,交通运输
42,sh600017,801170,交通运输
43,sh600018,801170,交通运输
44,sh600020,801170,交通运输
45,sh600026,801170,交通运输
46,sh600029,801170,交通运输
47,sh600033,801170,交通运输
48,sh600035,801170,交通运输
49,sh600057,801170,交通运输
50,sh600106,801170,交通运输
51,sh600115,801170,交通运输
52,sh600119,801170,交通运输
53,sh600125,801170,交通运输
54,sh600153,801170,交通运输
55,sh600179,801170,交通运输
56,sh600180,801170,交通运输
57,sh600190,801170,交通运输
58,sh600221,801170,交通运输
59,sh600233,801170,交通运输
60,sh600269,801170,交通运输
61,sh600279,801170,交通运输
62,sh600350,801170,交通运输
63,sh600368,801170,交通运输
64,sh600377,801170,交通运输
65,sh600428,801170,交通运输
66,sh600548,801170,交通运输
67,sh600561,801170,交通运输
68,sh600575,801170,交通运输
69,sh600611,801170,交通运输
70,sh600650,801170,交通运输
71,sh600662,801170,交通运输
72,sh600704,801170,交通运输
73,sh600717,801170,交通运输
74,sh600787,801170,交通运输
75,sh600794,801170,交通运输
76,sh600798,801170,交通运输
77,sh600834,801170,交通运输
78,sh600897,801170,交通运输
79,sh601000,801170,交通运输
80,sh601006,801170,交通运输
81,sh601008,801170,交通运输
82,sh601018,801170,交通运输
83,sh601021,801170,交通运输
84,sh601107,801170,交通运输
85,sh601111,801170,交通运输
86,sh601188,801170,交通运输
87,sh601228,801170,交通运输
88,sh601298,801170,交通运输
89,sh601326,801170,交通运输
90,sh601333,801170,交通运输
91,sh601518,801170,交通运输
92,sh601598,801170,交通运输
93,sh601816,801170,交通运输
94,sh601866,801170,交通运输
95,sh601872,801170,交通运输
96,sh601880,801170,交通运输
97,sh601919,801170,交通运输
98,sh601975,801170,交通运输
99,sh603032,801170,交通运输
100,sh603056,801170,交通运输
101,sh603066,801170,交通运输
102,sh603069,801170,交通运输
103,sh603117,801170,交通运输
104,sh603128,801170,交通运输
105,sh603167,801170,交通运输
106,sh603223,801170,交通运输
107,sh603329,801170,交通运输
108,sh603535,801170,交通运输
109,sh603565,801170,交通运输
110,sh603569,801170,交通运输
111,sh603648,801170,交通运输
112,sh603713,801170,交通运输
113,sh603813,801170,交通运输
114,sh603871,801170,交通运输
115,sh603885,801170,交通运输
116,sh603967,801170,交通运输
117,sh605050,801170,交通运输
118,sh605151,801170,交通运输
0,sz000002,801180,房地产
1,sz000006,801180,房地产
2,sz000011,801180,房地产
3,sz000014,801180,房地产
4,sz000029,801180,房地产
5,sz000031,801180,房地产
6,sz000036,801180,房地产
7,sz000042,801180,房地产
8,sz000056,801180,房地产
9,sz000069,801180,房地产
10,sz000090,801180,房地产
11,sz000402,801180,房地产
12,sz000502,801180,房地产
13,sz000506,801180,房地产
14,sz000514,801180,房地产
15,sz000517,801180,房地产
16,sz000537,801180,房地产
17,sz000540,801180,房地产
18,sz000558,801180,房地产
19,sz000560,801180,房地产
20,sz000573,801180,房地产
21,sz000608,801180,房地产
22,sz000609,801180,房地产
23,sz000615,801180,房地产
24,sz000616,801180,房地产
25,sz000620,801180,房地产
26,sz000631,801180,房地产
27,sz000656,801180,房地产
28,sz000667,801180,房地产
29,sz000668,801180,房地产
30,sz000671,801180,房地产
31,sz000679,801180,房地产
32,sz000691,801180,房地产
33,sz000718,801180,房地产
34,sz000732,801180,房地产
35,sz000736,801180,房地产
36,sz000797,801180,房地产
37,sz000809,801180,房地产
38,sz000838,801180,房地产
39,sz000863,801180,房地产
40,sz000897,801180,房地产
41,sz000909,801180,房地产
42,sz000918,801180,房地产
43,sz000926,801180,房地产
44,sz000961,801180,房地产
45,sz000965,801180,房地产
46,sz000981,801180,房地产
47,sz001914,801180,房地产
48,sz001979,801180,房地产
49,sz002016,801180,房地产
50,sz002133,801180,房地产
51,sz002146,801180,房地产
52,sz002147,801180,房地产
53,sz002208,801180,房地产
54,sz002244,801180,房地产
55,sz002285,801180,房地产
56,sz002305,801180,房地产
57,sz002314,801180,房地产
58,sz002377,801180,房地产
59,sz002968,801180,房地产
60,sz300917,801180,房地产
61,sh600007,801180,房地产
62,sh600048,801180,房地产
63,sh600064,801180,房地产
64,sh600067,801180,房地产
65,sh600077,801180,房地产
66,sh600082,801180,房地产
67,sh600094,801180,房地产
68,sh600159,801180,房地产
69,sh600162,801180,房地产
70,sh600173,801180,房地产
71,sh600177,801180,房地产
72,sh600185,801180,房地产
73,sh600208,801180,房地产
74,sh600215,801180,房地产
75,sh600223,801180,房地产
76,sh600225,801180,房地产
77,sh600239,801180,房地产
78,sh600246,801180,房地产
79,sh600266,801180,房地产
80,sh600322,801180,房地产
81,sh600325,801180,房地产
82,sh600340,801180,房地产
83,sh600376,801180,房地产
84,sh600383,801180,房地产
85,sh600393,801180,房地产
86,sh600463,801180,房地产
87,sh600466,801180,房地产
88,sh600503,801180,房地产
89,sh600510,801180,房地产
90,sh600515,801180,房地产
91,sh600533,801180,房地产
92,sh600565,801180,房地产
93,sh600568,801180,房地产
94,sh600604,801180,房地产
95,sh600606,801180,房地产
96,sh600622,801180,房地产
97,sh600638,801180,房地产
98,sh600639,801180,房地产
99,sh600641,801180,房地产
100,sh600647,801180,房地产
101,sh600648,801180,房地产
102,sh600649,801180,房地产
103,sh600657,801180,房地产
104,sh600658,801180,房地产
105,sh600663,801180,房地产
106,sh600665,801180,房地产
107,sh600675,801180,房地产
108,sh600683,801180,房地产
109,sh600684,801180,房地产
110,sh600692,801180,房地产
111,sh600708,801180,房地产
112,sh600716,801180,房地产
113,sh600724,801180,房地产
114,sh600736,801180,房地产
115,sh600743,801180,房地产
116,sh600748,801180,房地产
117,sh600773,801180,房地产
118,sh600791,801180,房地产
119,sh600807,801180,房地产
120,sh600823,801180,房地产
121,sh600848,801180,房地产
122,sh600890,801180,房地产
123,sh600895,801180,房地产
124,sh601155,801180,房地产
125,sh601512,801180,房地产
126,sh601588,801180,房地产
127,sh603506,801180,房地产
0,sz000007,801200,商业贸易
1,sz000019,801200,商业贸易
2,sz000058,801200,商业贸易
3,sz000061,801200,商业贸易
4,sz000151,801200,商业贸易
5,sz000417,801200,商业贸易
6,sz000419,801200,商业贸易
7,sz000501,801200,商业贸易
8,sz000564,801200,商业贸易
9,sz000626,801200,商业贸易
10,sz000715,801200,商业贸易
11,sz000759,801200,商业贸易
12,sz000785,801200,商业贸易
13,sz000829,801200,商业贸易
14,sz000861,801200,商业贸易
15,sz000882,801200,商业贸易
16,sz000906,801200,商业贸易
17,sz002024,801200,商业贸易
18,sz002091,801200,商业贸易
19,sz002127,801200,商业贸易
20,sz002187,801200,商业贸易
21,sz002251,801200,商业贸易
22,sz002264,801200,商业贸易
23,sz002277,801200,商业贸易
24,sz002336,801200,商业贸易
25,sz002344,801200,商业贸易
26,sz002416,801200,商业贸易
27,sz002419,801200,商业贸易
28,sz002505,801200,商业贸易
29,sz002561,801200,商业贸易
30,sz002640,801200,商业贸易
31,sz002697,801200,商业贸易
32,sz002818,801200,商业贸易
33,sz300022,801200,商业贸易
34,sz300622,801200,商业贸易
35,sz300755,801200,商业贸易
36,sz300947,801200,商业贸易
37,sh600058,801200,商业贸易
38,sh600113,801200,商业贸易
39,sh600122,801200,商业贸易
40,sh600145,801200,商业贸易
41,sh600247,801200,商业贸易
42,sh600250,801200,商业贸易
43,sh600278,801200,商业贸易
44,sh600280,801200,商业贸易
45,sh600287,801200,商业贸易
46,sh600301,801200,商业贸易
47,sh600306,801200,商业贸易
48,sh600361,801200,商业贸易
49,sh600415,801200,商业贸易
50,sh600605,801200,商业贸易
51,sh600608,801200,商业贸易
52,sh600628,801200,商业贸易
53,sh600655,801200,商业贸易
54,sh600693,801200,商业贸易
55,sh600694,801200,商业贸易
56,sh600697,801200,商业贸易
57,sh600710,801200,商业贸易
58,sh600712,801200,商业贸易
59,sh600723,801200,商业贸易
60,sh600729,801200,商业贸易
61,sh600738,801200,商业贸易
62,sh600753,801200,商业贸易
63,sh600755,801200,商业贸易
64,sh600774,801200,商业贸易
65,sh600778,801200,商业贸易
66,sh600785,801200,商业贸易
67,sh600790,801200,商业贸易
68,sh600814,801200,商业贸易
69,sh600821,801200,商业贸易
70,sh600822,801200,商业贸易
71,sh600826,801200,商业贸易
72,sh600827,801200,商业贸易
73,sh600828,801200,商业贸易
74,sh600838,801200,商业贸易
75,sh600857,801200,商业贸易
76,sh600858,801200,商业贸易
77,sh600859,801200,商业贸易
78,sh600861,801200,商业贸易
79,sh600865,801200,商业贸易
80,sh600870,801200,商业贸易
81,sh600898,801200,商业贸易
82,sh600981,801200,商业贸易
83,sh601010,801200,商业贸易
84,sh601086,801200,商业贸易
85,sh601113,801200,商业贸易
86,sh601116,801200,商业贸易
87,sh601366,801200,商业贸易
88,sh601828,801200,商业贸易
89,sh601933,801200,商业贸易
90,sh603031,801200,商业贸易
91,sh603101,801200,商业贸易
92,sh603123,801200,商业贸易
93,sh603214,801200,商业贸易
94,sh603682,801200,商业贸易
95,sh603708,801200,商业贸易
96,sh603900,801200,商业贸易
97,sh605188,801200,商业贸易
0,sz000428,801210,休闲服务
1,sz000430,801210,休闲服务
2,sz000524,801210,休闲服务
3,sz000610,801210,休闲服务
4,sz000613,801210,休闲服务
5,sz000721,801210,休闲服务
6,sz000796,801210,休闲服务
7,sz000888,801210,休闲服务
8,sz000978,801210,休闲服务
9,sz002033,801210,休闲服务
10,sz002059,801210,休闲服务
11,sz002159,801210,休闲服务
12,sz002186,801210,休闲服务
13,sz002306,801210,休闲服务
14,sz002707,801210,休闲服务
15,sz300144,801210,休闲服务
16,sz300178,801210,休闲服务
17,sz300662,801210,休闲服务
18,sz300795,801210,休闲服务
19,sz300859,801210,休闲服务
20,sz300860,801210,休闲服务
21,sh600054,801210,休闲服务
22,sh600138,801210,休闲服务
23,sh600258,801210,休闲服务
24,sh600358,801210,休闲服务
25,sh600555,801210,休闲服务
26,sh600593,801210,休闲服务
27,sh600706,801210,休闲服务
28,sh600749,801210,休闲服务
29,sh600754,801210,休闲服务
30,sh600965,801210,休闲服务
31,sh601007,801210,休闲服务
32,sh601888,801210,休闲服务
33,sh603099,801210,休闲服务
34,sh603136,801210,休闲服务
35,sh603199,801210,休闲服务
36,sh605108,801210,休闲服务
0,sz000009,801230,综合
1,sz000409,801230,综合
2,sz000632,801230,综合
3,sz000638,801230,综合
4,sz000652,801230,综合
5,sz000839,801230,综合
6,sz002967,801230,综合
7,sz003008,801230,综合
8,sz300012,801230,综合
9,sz300688,801230,综合
10,sz300797,801230,综合
11,sz300887,801230,综合
12,sz300938,801230,综合
13,sz300942,801230,综合
14,sh600051,801230,综合
15,sh600070,801230,综合
16,sh600083,801230,综合
17,sh600128,801230,综合
18,sh600139,801230,综合
19,sh600149,801230,综合
20,sh600212,801230,综合
21,sh600234,801230,综合
22,sh600281,801230,综合
23,sh600382,801230,综合
24,sh600603,801230,综合
25,sh600620,801230,综合
26,sh600624,801230,综合
27,sh600730,801230,综合
28,sh600770,801230,综合
29,sh600784,801230,综合
30,sh600805,801230,综合
31,sh600811,801230,综合
32,sh600817,801230,综合
33,sh600818,801230,综合
34,sh603060,801230,综合
35,sh603183,801230,综合
0,sz000012,801710,建筑材料
1,sz000023,801710,建筑材料
2,sz000401,801710,建筑材料
3,sz000546,801710,建筑材料
4,sz000619,801710,建筑材料
5,sz000672,801710,建筑材料
6,sz000786,801710,建筑材料
7,sz000789,801710,建筑材料
8,sz000877,801710,建筑材料
9,sz000935,801710,建筑材料
10,sz002043,801710,建筑材料
11,sz002066,801710,建筑材料
12,sz002082,801710,建筑材料
13,sz002088,801710,建筑材料
14,sz002162,801710,建筑材料
15,sz002163,801710,建筑材料
16,sz002225,801710,建筑材料
17,sz002233,801710,建筑材料
18,sz002271,801710,建筑材料
19,sz002302,801710,建筑材料
20,sz002323,801710,建筑材料
21,sz002333,801710,建筑材料
22,sz002372,801710,建筑材料
23,sz002392,801710,建筑材料
24,sz002398,801710,建筑材料
25,sz002457,801710,建筑材料
26,sz002596,801710,建筑材料
27,sz002623,801710,建筑材料
28,sz002641,801710,建筑材料
29,sz002652,801710,建筑材料
30,sz002671,801710,建筑材料
31,sz002694,801710,建筑材料
32,sz002718,801710,建筑材料
33,sz002742,801710,建筑材料
34,sz002785,801710,建筑材料
35,sz002791,801710,建筑材料
36,sz002798,801710,建筑材料
37,sz002918,801710,建筑材料
38,sz003012,801710,建筑材料
39,sz003037,801710,建筑材料
40,sz300093,801710,建筑材料
41,sz300117,801710,建筑材料
42,sz300198,801710,建筑材料
43,sz300234,801710,建筑材料
44,sz300374,801710,建筑材料
45,sz300599,801710,建筑材料
46,sz300715,801710,建筑材料
47,sz300737,801710,建筑材料
48,sh600321,801710,建筑材料
49,sh600326,801710,建筑材料
50,sh600425,801710,建筑材料
51,sh600449,801710,建筑材料
52,sh600585,801710,建筑材料
53,sh600586,801710,建筑材料
54,sh600668,801710,建筑材料
55,sh600678,801710,建筑材料
56,sh600720,801710,建筑材料
57,sh600801,801710,建筑材料
58,sh600802,801710,建筑材料
59,sh600819,801710,建筑材料
60,sh600876,801710,建筑材料
61,sh600881,801710,建筑材料
62,sh600883,801710,建筑材料
63,sh601636,801710,建筑材料
64,sh601865,801710,建筑材料
65,sh601992,801710,建筑材料
66,sh603038,801710,建筑材料
67,sh603616,801710,建筑材料
68,sh603856,801710,建筑材料
69,sh603937,801710,建筑材料
70,sh605158,801710,建筑材料
71,sh605318,801710,建筑材料
0,sz000010,801720,建筑装饰
1,sz000055,801720,建筑装饰
2,sz000065,801720,建筑装饰
3,sz000498,801720,建筑装饰
4,sz000628,801720,建筑装饰
5,sz000779,801720,建筑装饰
6,sz000928,801720,建筑装饰
7,sz002047,801720,建筑装饰
8,sz002051,801720,建筑装饰
9,sz002060,801720,建筑装饰
10,sz002061,801720,建筑装饰
11,sz002062,801720,建筑装饰
12,sz002081,801720,建筑装饰
13,sz002116,801720,建筑装饰
14,sz002135,801720,建筑装饰
15,sz002140,801720,建筑装饰
16,sz002178,801720,建筑装饰
17,sz002200,801720,建筑装饰
18,sz002298,801720,建筑装饰
19,sz002307,801720,建筑装饰
20,sz002310,801720,建筑装饰
21,sz002325,801720,建筑装饰
22,sz002374,801720,建筑装饰
23,sz002375,801720,建筑装饰
24,sz002431,801720,建筑装饰
25,sz002469,801720,建筑装饰
26,sz002482,801720,建筑装饰
27,sz002504,801720,建筑装饰
28,sz002541,801720,建筑装饰
29,sz002542,801720,建筑装饰
30,sz002586,801720,建筑装饰
31,sz002593,801720,建筑装饰
32,sz002620,801720,建筑装饰
33,sz002628,801720,建筑装饰
34,sz002663,801720,建筑装饰
35,sz002713,801720,建筑装饰
36,sz002717,801720,建筑装饰
37,sz002743,801720,建筑装饰
38,sz002761,801720,建筑装饰
39,sz002775,801720,建筑装饰
40,sz002781,801720,建筑装饰
41,sz002789,801720,建筑装饰
42,sz002811,801720,建筑装饰
43,sz002822,801720,建筑装饰
44,sz002830,801720,建筑装饰
45,sz002856,801720,建筑装饰
46,sz002883,801720,建筑装饰
47,sz002941,801720,建筑装饰
48,sz002949,801720,建筑装饰
49,sz002963,801720,建筑装饰
50,sz002989,801720,建筑装饰
51,sz003001,801720,建筑装饰
52,sz003013,801720,建筑装饰
53,sz300197,801720,建筑装饰
54,sz300237,801720,建筑装饰
55,sz300284,801720,建筑装饰
56,sz300355,801720,建筑装饰
57,sz300384,801720,建筑装饰
58,sz300492,801720,建筑装饰
59,sz300495,801720,建筑装饰
60,sz300500,801720,建筑装饰
61,sz300506,801720,建筑装饰
62,sz300517,801720,建筑装饰
63,sz300536,801720,建筑装饰
64,sz300564,801720,建筑装饰
65,sz300592,801720,建筑装饰
66,sz300621,801720,建筑装饰
67,sz300635,801720,建筑装饰
68,sz300649,801720,建筑装饰
69,sz300668,801720,建筑装饰
70,sz300675,801720,建筑装饰
71,sz300712,801720,建筑装饰
72,sz300732,801720,建筑装饰
73,sz300746,801720,建筑装饰
74,sz300778,801720,建筑装饰
75,sz300826,801720,建筑装饰
76,sz300948,801720,建筑装饰
77,sz300949,801720,建筑装饰
78,sh600039,801720,建筑装饰
79,sh600068,801720,建筑装饰
80,sh600133,801720,建筑装饰
81,sh600170,801720,建筑装饰
82,sh600193,801720,建筑装饰
83,sh600209,801720,建筑装饰
84,sh600248,801720,建筑装饰
85,sh600284,801720,建筑装饰
86,sh600477,801720,建筑装饰
87,sh600491,801720,建筑装饰
88,sh600496,801720,建筑装饰
89,sh600502,801720,建筑装饰
90,sh600512,801720,建筑装饰
91,sh600610,801720,建筑装饰
92,sh600629,801720,建筑装饰
93,sh600769,801720,建筑装饰
94,sh600820,801720,建筑装饰
95,sh600846,801720,建筑装饰
96,sh600853,801720,建筑装饰
97,sh600939,801720,建筑装饰
98,sh600970,801720,建筑装饰
99,sh601068,801720,建筑装饰
100,sh601117,801720,建筑装饰
101,sh601186,801720,建筑装饰
102,sh601226,801720,建筑装饰
103,sh601390,801720,建筑装饰
104,sh601611,801720,建筑装饰
105,sh601618,801720,建筑装饰
106,sh601668,801720,建筑装饰
107,sh601669,801720,建筑装饰
108,sh601789,801720,建筑装饰
109,sh601800,801720,建筑装饰
110,sh601886,801720,建筑装饰
111,sh603007,801720,建筑装饰
112,sh603017,801720,建筑装饰
113,sh603018,801720,建筑装饰
114,sh603030,801720,建筑装饰
115,sh603081,801720,建筑装饰
116,sh603098,801720,建筑装饰
117,sh603316,801720,建筑装饰
118,sh603357,801720,建筑装饰
119,sh603359,801720,建筑装饰
120,sh603388,801720,建筑装饰
121,sh603458,801720,建筑装饰
122,sh603466,801720,建筑装饰
123,sh603637,801720,建筑装饰
124,sh603698,801720,建筑装饰
125,sh603717,801720,建筑装饰
126,sh603778,801720,建筑装饰
127,sh603815,801720,建筑装饰
128,sh603828,801720,建筑装饰
129,sh603843,801720,建筑装饰
130,sh603860,801720,建筑装饰
131,sh603887,801720,建筑装饰
132,sh603909,801720,建筑装饰
133,sh603929,801720,建筑装饰
134,sh603955,801720,建筑装饰
135,sh603959,801720,建筑装饰
136,sh605081,801720,建筑装饰
137,sh605178,801720,建筑装饰
138,sh605303,801720,建筑装饰
0,sz000400,801730,电气设备
1,sz000533,801730,电气设备
2,sz000585,801730,电气设备
3,sz000682,801730,电气设备
4,sz000803,801730,电气设备
5,sz000806,801730,电气设备
6,sz000922,801730,电气设备
7,sz002028,801730,电气设备
8,sz002058,801730,电气设备
9,sz002074,801730,电气设备
10,sz002090,801730,电气设备
11,sz002112,801730,电气设备
12,sz002121,801730,电气设备
13,sz002129,801730,电气设备
14,sz002169,801730,电气设备
15,sz002176,801730,电气设备
16,sz002184,801730,电气设备
17,sz002196,801730,电气设备
18,sz002202,801730,电气设备
19,sz002218,801730,电气设备
20,sz002227,801730,电气设备
21,sz002249,801730,电气设备
22,sz002255,801730,电气设备
23,sz002270,801730,电气设备
24,sz002276,801730,电气设备
25,sz002300,801730,电气设备
26,sz002309,801730,电气设备
27,sz002322,801730,电气设备
28,sz002334,801730,电气设备
29,sz002335,801730,电气设备
30,sz002339,801730,电气设备
31,sz002346,801730,电气设备
32,sz002350,801730,电气设备
33,sz002358,801730,电气设备
34,sz002364,801730,电气设备
35,sz002441,801730,电气设备
36,sz002451,801730,电气设备
37,sz002452,801730,电气设备
38,sz002459,801730,电气设备
39,sz002471,801730,电气设备
40,sz002498,801730,电气设备
41,sz002506,801730,电气设备
42,sz002518,801730,电气设备
43,sz002527,801730,电气设备
44,sz002531,801730,电气设备
45,sz002533,801730,电气设备
46,sz002534,801730,电气设备
47,sz002546,801730,电气设备
48,sz002560,801730,电气设备
49,sz002576,801730,电气设备
50,sz002580,801730,电气设备
51,sz002606,801730,电气设备
52,sz002617,801730,电气设备
53,sz002622,801730,电气设备
54,sz002630,801730,电气设备
55,sz002665,801730,电气设备
56,sz002692,801730,电气设备
57,sz002706,801730,电气设备
58,sz002733,801730,电气设备
59,sz002767,801730,电气设备
60,sz002801,801730,电气设备
61,sz002823,801730,电气设备
62,sz002850,801730,电气设备
63,sz002851,801730,电气设备
64,sz002879,801730,电气设备
65,sz002882,801730,电气设备
66,sz002892,801730,电气设备
67,sz002927,801730,电气设备
68,sz002953,801730,电气设备
69,sz002979,801730,电气设备
70,sz003021,801730,电气设备
71,sz300001,801730,电气设备
72,sz300011,801730,电气设备
73,sz300014,801730,电气设备
74,sz300018,801730,电气设备
75,sz300029,801730,电气设备
76,sz300040,801730,电气设备
77,sz300048,801730,电气设备
78,sz300062,801730,电气设备
79,sz300068,801730,电气设备
80,sz300069,801730,电气设备
81,sz300105,801730,电气设备
82,sz300111,801730,电气设备
83,sz300116,801730,电气设备
84,sz300118,801730,电气设备
85,sz300124,801730,电气设备
86,sz300129,801730,电气设备
87,sz300141,801730,电气设备
88,sz300153,801730,电气设备
89,sz300185,801730,电气设备
90,sz300208,801730,电气设备
91,sz300215,801730,电气设备
92,sz300265,801730,电气设备
93,sz300274,801730,电气设备
94,sz300283,801730,电气设备
95,sz300286,801730,电气设备
96,sz300316,801730,电气设备
97,sz300317,801730,电气设备
98,sz300356,801730,电气设备
99,sz300360,801730,电气设备
100,sz300376,801730,电气设备
101,sz300393,801730,电气设备
102,sz300407,801730,电气设备
103,sz300423,801730,电气设备
104,sz300427,801730,电气设备
105,sz300438,801730,电气设备
106,sz300443,801730,电气设备
107,sz300444,801730,电气设备
108,sz300447,801730,电气设备
109,sz300466,801730,电气设备
110,sz300477,801730,电气设备
111,sz300484,801730,电气设备
112,sz300490,801730,电气设备
113,sz300491,801730,电气设备
114,sz300510,801730,电气设备
115,sz300514,801730,电气设备
116,sz300569,801730,电气设备
117,sz300593,801730,电气设备
118,sz300617,801730,电气设备
119,sz300626,801730,电气设备
120,sz300660,801730,电气设备
121,sz300670,801730,电气设备
122,sz300693,801730,电气设备
123,sz300713,801730,电气设备
124,sz300745,801730,电气设备
125,sz300750,801730,电气设备
126,sz300763,801730,电气设备
127,sz300772,801730,电气设备
128,sz300820,801730,电气设备
129,sz300827,801730,电气设备
130,sz300850,801730,电气设备
131,sz300870,801730,电气设备
132,sz300880,801730,电气设备
133,sz300882,801730,电气设备
134,sz300907,801730,电气设备
135,sz300932,801730,电气设备
136,sz300933,801730,电气设备
137,sh600089,801730,电气设备
138,sh600112,801730,电气设备
139,sh600151,801730,电气设备
140,sh600192,801730,电气设备
141,sh600202,801730,电气设备
142,sh600207,801730,电气设备
143,sh600241,801730,电气设备
144,sh600268,801730,电气设备
145,sh600290,801730,电气设备
146,sh600312,801730,电气设备
147,sh600379,801730,电气设备
148,sh600405,801730,电气设备
149,sh600406,801730,电气设备
150,sh600416,801730,电气设备
151,sh600438,801730,电气设备
152,sh600468,801730,电气设备
153,sh600475,801730,电气设备
154,sh600517,801730,电气设备
155,sh600525,801730,电气设备
156,sh600537,801730,电气设备
157,sh600550,801730,电气设备
158,sh600577,801730,电气设备
159,sh600580,801730,电气设备
160,sh600590,801730,电气设备
161,sh600732,801730,电气设备
162,sh600847,801730,电气设备
163,sh600869,801730,电气设备
164,sh600875,801730,电气设备
165,sh600885,801730,电气设备
166,sh600973,801730,电气设备
167,sh601012,801730,电气设备
168,sh601126,801730,电气设备
169,sh601179,801730,电气设备
170,sh601218,801730,电气设备
171,sh601222,801730,电气设备
172,sh601567,801730,电气设备
173,sh601615,801730,电气设备
174,sh601616,801730,电气设备
175,sh601700,801730,电气设备
176,sh601727,801730,电气设备
177,sh601877,801730,电气设备
178,sh601908,801730,电气设备
179,sh603015,801730,电气设备
180,sh603016,801730,电气设备
181,sh603025,801730,电气设备
182,sh603050,801730,电气设备
183,sh603063,801730,电气设备
184,sh603100,801730,电气设备
185,sh603212,801730,电气设备
186,sh603218,801730,电气设备
187,sh603320,801730,电气设备
188,sh603333,801730,电气设备
189,sh603396,801730,电气设备
190,sh603416,801730,电气设备
191,sh603489,801730,电气设备
192,sh603507,801730,电气设备
193,sh603530,801730,电气设备
194,sh603577,801730,电气设备
195,sh603583,801730,电气设备
196,sh603606,801730,电气设备
197,sh603618,801730,电气设备
198,sh603628,801730,电气设备
199,sh603659,801730,电气设备
200,sh603728,801730,电气设备
201,sh603806,801730,电气设备
202,sh603819,801730,电气设备
203,sh603829,801730,电气设备
204,sh603859,801730,电气设备
205,sh603861,801730,电气设备
206,sh603897,801730,电气设备
207,sh603988,801730,电气设备
208,sh605066,801730,电气设备
209,sh605222,801730,电气设备
210,sh605277,801730,电气设备
211,sh605288,801730,电气设备
0,sz000519,801740,国防军工
1,sz000547,801740,国防军工
2,sz000561,801740,国防军工
3,sz000576,801740,国防军工
4,sz000687,801740,国防军工
5,sz000697,801740,国防军工
6,sz000738,801740,国防军工
7,sz000768,801740,国防军工
8,sz002013,801740,国防军工
9,sz002023,801740,国防军工
10,sz002025,801740,国防军工
11,sz002151,801740,国防军工
12,sz002179,801740,国防军工
13,sz002190,801740,国防军工
14,sz002297,801740,国防军工
15,sz002389,801740,国防军工
16,sz002413,801740,国防军工
17,sz002465,801740,国防军工
18,sz002664,801740,国防军工
19,sz002829,801740,国防军工
20,sz002933,801740,国防军工
21,sz002935,801740,国防军工
22,sz002977,801740,国防军工
23,sz002985,801740,国防军工
24,sz003009,801740,国防军工
25,sz300008,801740,国防军工
26,sz300034,801740,国防军工
27,sz300065,801740,国防军工
28,sz300101,801740,国防军工
29,sz300123,801740,国防军工
30,sz300159,801740,国防军工
31,sz300397,801740,国防军工
32,sz300424,801740,国防军工
33,sz300474,801740,国防军工
34,sz300527,801740,国防军工
35,sz300581,801740,国防军工
36,sz300589,801740,国防军工
37,sz300600,801740,国防军工
38,sz300696,801740,国防军工
39,sz300719,801740,国防军工
40,sz300722,801740,国防军工
41,sz300762,801740,国防军工
42,sz300775,801740,国防军工
43,sz300810,801740,国防军工
44,sz300875,801740,国防军工
45,sz300900,801740,国防军工
46,sz300922,801740,国防军工
47,sh600038,801740,国防军工
48,sh600072,801740,国防军工
49,sh600118,801740,国防军工
50,sh600150,801740,国防军工
51,sh600184,801740,国防军工
52,sh600316,801740,国防军工
53,sh600343,801740,国防军工
54,sh600372,801740,国防军工
55,sh600391,801740,国防军工
56,sh600435,801740,国防军工
57,sh600482,801740,国防军工
58,sh600562,801740,国防军工
59,sh600685,801740,国防军工
60,sh600760,801740,国防军工
61,sh600764,801740,国防军工
62,sh600765,801740,国防军工
63,sh600862,801740,国防军工
64,sh600879,801740,国防军工
65,sh600893,801740,国防军工
66,sh600967,801740,国防军工
67,sh600990,801740,国防军工
68,sh601606,801740,国防军工
69,sh601698,801740,国防军工
70,sh601890,801740,国防军工
71,sh601989,801740,国防军工
72,sh603267,801740,国防军工
73,sh603678,801740,国防军工
74,sh605123,801740,国防军工
0,sz000034,801750,计算机
1,sz000066,801750,计算机
2,sz000158,801750,计算机
3,sz000555,801750,计算机
4,sz000606,801750,计算机
5,sz000938,801750,计算机
6,sz000948,801750,计算机
7,sz000977,801750,计算机
8,sz000997,801750,计算机
9,sz002063,801750,计算机
10,sz002065,801750,计算机
11,sz002072,801750,计算机
12,sz002152,801750,计算机
13,sz002153,801750,计算机
14,sz002177,801750,计算机
15,sz002180,801750,计算机
16,sz002195,801750,计算机
17,sz002197,801750,计算机
18,sz002212,801750,计算机
19,sz002230,801750,计算机
20,sz002232,801750,计算机
21,sz002253,801750,计算机
22,sz002268,801750,计算机
23,sz002279,801750,计算机
24,sz002280,801750,计算机
25,sz002296,801750,计算机
26,sz002308,801750,计算机
27,sz002312,801750,计算机
28,sz002316,801750,计算机
29,sz002331,801750,计算机
30,sz002362,801750,计算机
31,sz002368,801750,计算机
32,sz002373,801750,计算机
33,sz002376,801750,计算机
34,sz002380,801750,计算机
35,sz002383,801750,计算机
36,sz002401,801750,计算机
37,sz002405,801750,计算机
38,sz002410,801750,计算机
39,sz002417,801750,计算机
40,sz002421,801750,计算机
41,sz002439,801750,计算机
42,sz002474,801750,计算机
43,sz002512,801750,计算机
44,sz002528,801750,计算机
45,sz002530,801750,计算机
46,sz002537,801750,计算机
47,sz002577,801750,计算机
48,sz002609,801750,计算机
49,sz002642,801750,计算机
50,sz002649,801750,计算机
51,sz002657,801750,计算机
52,sz002766,801750,计算机
53,sz002771,801750,计算机
54,sz002777,801750,计算机
55,sz002835,801750,计算机
56,sz002912,801750,计算机
57,sz002920,801750,计算机
58,sz002970,801750,计算机
59,sz002987,801750,计算机
60,sz002990,801750,计算机
61,sz003004,801750,计算机
62,sz003005,801750,计算机
63,sz003007,801750,计算机
64,sz003029,801750,计算机
65,sz300002,801750,计算机
66,sz300010,801750,计算机
67,sz300020,801750,计算机
68,sz300033,801750,计算机
69,sz300036,801750,计算机
70,sz300042,801750,计算机
71,sz300044,801750,计算机
72,sz300045,801750,计算机
73,sz300047,801750,计算机
74,sz300074,801750,计算机
75,sz300075,801750,计算机
76,sz300078,801750,计算机
77,sz300079,801750,计算机
78,sz300085,801750,计算机
79,sz300096,801750,计算机
80,sz300130,801750,计算机
81,sz300150,801750,计算机
82,sz300155,801750,计算机
83,sz300166,801750,计算机
84,sz300167,801750,计算机
85,sz300168,801750,计算机
86,sz300170,801750,计算机
87,sz300177,801750,计算机
88,sz300188,801750,计算机
89,sz300202,801750,计算机
90,sz300209,801750,计算机
91,sz300212,801750,计算机
92,sz300229,801750,计算机
93,sz300231,801750,计算机
94,sz300235,801750,计算机
95,sz300245,801750,计算机
96,sz300248,801750,计算机
97,sz300250,801750,计算机
98,sz300253,801750,计算机
99,sz300264,801750,计算机
100,sz300270,801750,计算机
101,sz300271,801750,计算机
102,sz300277,801750,计算机
103,sz300287,801750,计算机
104,sz300288,801750,计算机
105,sz300290,801750,计算机
106,sz300297,801750,计算机
107,sz300300,801750,计算机
108,sz300302,801750,计算机
109,sz300311,801750,计算机
110,sz300324,801750,计算机
111,sz300330,801750,计算机
112,sz300333,801750,计算机
113,sz300339,801750,计算机
114,sz300344,801750,计算机
115,sz300348,801750,计算机
116,sz300352,801750,计算机
117,sz300365,801750,计算机
118,sz300366,801750,计算机
119,sz300367,801750,计算机
120,sz300368,801750,计算机
121,sz300369,801750,计算机
122,sz300377,801750,计算机
123,sz300378,801750,计算机
124,sz300379,801750,计算机
125,sz300380,801750,计算机
126,sz300386,801750,计算机
127,sz300399,801750,计算机
128,sz300419,801750,计算机
129,sz300440,801750,计算机
130,sz300448,801750,计算机
131,sz300449,801750,计算机
132,sz300451,801750,计算机
133,sz300454,801750,计算机
134,sz300455,801750,计算机
135,sz300462,801750,计算机
136,sz300465,801750,计算机
137,sz300468,801750,计算机
138,sz300469,801750,计算机
139,sz300479,801750,计算机
140,sz300496,801750,计算机
141,sz300508,801750,计算机
142,sz300520,801750,计算机
143,sz300523,801750,计算机
144,sz300525,801750,计算机
145,sz300532,801750,计算机
146,sz300541,801750,计算机
147,sz300542,801750,计算机
148,sz300546,801750,计算机
149,sz300550,801750,计算机
150,sz300552,801750,计算机
151,sz300556,801750,计算机
152,sz300559,801750,计算机
153,sz300561,801750,计算机
154,sz300579,801750,计算机
155,sz300588,801750,计算机
156,sz300598,801750,计算机
157,sz300605,801750,计算机
158,sz300608,801750,计算机
159,sz300609,801750,计算机
160,sz300624,801750,计算机
161,sz300634,801750,计算机
162,sz300645,801750,计算机
163,sz300659,801750,计算机
164,sz300663,801750,计算机
165,sz300674,801750,计算机
166,sz300678,801750,计算机
167,sz300682,801750,计算机
168,sz300687,801750,计算机
169,sz300730,801750,计算机
170,sz300738,801750,计算机
171,sz300766,801750,计算机
172,sz300768,801750,计算机
173,sz300771,801750,计算机
174,sz300773,801750,计算机
175,sz300789,801750,计算机
176,sz300799,801750,计算机
177,sz300803,801750,计算机
178,sz300807,801750,计算机
179,sz300830,801750,计算机
180,sz300845,801750,计算机
181,sz300846,801750,计算机
182,sz300872,801750,计算机
183,sz300884,801750,计算机
184,sz300895,801750,计算机
185,sz300925,801750,计算机
186,sz300935,801750,计算机
187,sz300941,801750,计算机
188,sh600100,801750,计算机
189,sh600271,801750,计算机
190,sh600410,801750,计算机
191,sh600446,801750,计算机
192,sh600476,801750,计算机
193,sh600536,801750,计算机
194,sh600570,801750,计算机
195,sh600571,801750,计算机
196,sh600588,801750,计算机
197,sh600602,801750,计算机
198,sh600654,801750,计算机
199,sh600718,801750,计算机
200,sh600728,801750,计算机
201,sh600756,801750,计算机
202,sh600797,801750,计算机
203,sh600800,801750,计算机
204,sh600845,801750,计算机
205,sh600850,801750,计算机
206,sh600855,801750,计算机
207,sh601360,801750,计算机
208,sh601519,801750,计算机
209,sh603019,801750,计算机
210,sh603039,801750,计算机
211,sh603106,801750,计算机
212,sh603138,801750,计算机
213,sh603189,801750,计算机
214,sh603232,801750,计算机
215,sh603383,801750,计算机
216,sh603496,801750,计算机
217,sh603508,801750,计算机
218,sh603516,801750,计算机
219,sh603528,801750,计算机
220,sh603636,801750,计算机
221,sh603660,801750,计算机
222,sh603869,801750,计算机
223,sh603881,801750,计算机
224,sh603918,801750,计算机
225,sh603927,801750,计算机
226,sh603990,801750,计算机
227,sh605398,801750,计算机
0,sz000038,801760,传媒
1,sz000156,801760,传媒
2,sz000526,801760,传媒
3,sz000529,801760,传媒
4,sz000607,801760,传媒
5,sz000665,801760,传媒
6,sz000673,801760,传媒
7,sz000676,801760,传媒
8,sz000681,801760,传媒
9,sz000719,801760,传媒
10,sz000793,801760,传媒
11,sz000802,801760,传媒
12,sz000835,801760,传媒
13,sz000892,801760,传媒
14,sz000917,801760,传媒
15,sz002027,801760,传媒
16,sz002071,801760,传媒
17,sz002095,801760,传媒
18,sz002103,801760,传媒
19,sz002113,801760,传媒
20,sz002123,801760,传媒
21,sz002131,801760,传媒
22,sz002137,801760,传媒
23,sz002148,801760,传媒
24,sz002168,801760,传媒
25,sz002174,801760,传媒
26,sz002175,801760,传媒
27,sz002181,801760,传媒
28,sz002188,801760,传媒
29,sz002238,801760,传媒
30,sz002247,801760,传媒
31,sz002261,801760,传媒
32,sz002292,801760,传媒
33,sz002315,801760,传媒
34,sz002343,801760,传媒
35,sz002354,801760,传媒
36,sz002400,801760,传媒
37,sz002425,801760,传媒
38,sz002445,801760,传媒
39,sz002447,801760,传媒
40,sz002464,801760,传媒
41,sz002502,801760,传媒
42,sz002517,801760,传媒
43,sz002555,801760,传媒
44,sz002558,801760,传媒
45,sz002591,801760,传媒
46,sz002602,801760,传媒
47,sz002607,801760,传媒
48,sz002619,801760,传媒
49,sz002621,801760,传媒
50,sz002624,801760,传媒
51,sz002638,801760,传媒
52,sz002654,801760,传媒
53,sz002659,801760,传媒
54,sz002699,801760,传媒
55,sz002712,801760,传媒
56,sz002739,801760,传媒
57,sz002858,801760,传媒
58,sz002878,801760,传媒
59,sz002905,801760,传媒
60,sz002995,801760,传媒
61,sz003010,801760,传媒
62,sz003032,801760,传媒
63,sz300027,801760,传媒
64,sz300031,801760,传媒
65,sz300038,801760,传媒
66,sz300043,801760,传媒
67,sz300051,801760,传媒
68,sz300052,801760,传媒
69,sz300058,801760,传媒
70,sz300061,801760,传媒
71,sz300063,801760,传媒
72,sz300071,801760,传媒
73,sz300089,801760,传媒
74,sz300113,801760,传媒
75,sz300133,801760,传媒
76,sz300148,801760,传媒
77,sz300182,801760,传媒
78,sz300192,801760,传媒
79,sz300226,801760,传媒
80,sz300242,801760,传媒
81,sz300251,801760,传媒
82,sz300269,801760,传媒
83,sz300280,801760,传媒
84,sz300282,801760,传媒
85,sz300291,801760,传媒
86,sz300292,801760,传媒
87,sz300295,801760,传媒
88,sz300299,801760,传媒
89,sz300315,801760,传媒
90,sz300336,801760,传媒
91,sz300338,801760,传媒
92,sz300343,801760,传媒
93,sz300359,801760,传媒
94,sz300364,801760,传媒
95,sz300392,801760,传媒
96,sz300413,801760,传媒
97,sz300418,801760,传媒
98,sz300426,801760,传媒
99,sz300459,801760,传媒
100,sz300467,801760,传媒
101,sz300494,801760,传媒
102,sz300518,801760,传媒
103,sz300528,801760,传媒
104,sz300533,801760,传媒
105,sz300612,801760,传媒
106,sz300654,801760,传媒
107,sz300770,801760,传媒
108,sz300781,801760,传媒
109,sz300785,801760,传媒
110,sz300788,801760,传媒
111,sz300792,801760,传媒
112,sz300805,801760,传媒
113,sh600037,801760,传媒
114,sh600052,801760,传媒
115,sh600088,801760,传媒
116,sh600136,801760,传媒
117,sh600158,801760,传媒
118,sh600226,801760,传媒
119,sh600229,801760,传媒
120,sh600242,801760,传媒
121,sh600373,801760,传媒
122,sh600386,801760,传媒
123,sh600455,801760,传媒
124,sh600551,801760,传媒
125,sh600556,801760,传媒
126,sh600576,801760,传媒
127,sh600633,801760,传媒
128,sh600636,801760,传媒
129,sh600637,801760,传媒
130,sh600640,801760,传媒
131,sh600652,801760,传媒
132,sh600661,801760,传媒
133,sh600715,801760,传媒
134,sh600757,801760,传媒
135,sh600825,801760,传媒
136,sh600831,801760,传媒
137,sh600880,801760,传媒
138,sh600892,801760,传媒
139,sh600936,801760,传媒
140,sh600959,801760,传媒
141,sh600977,801760,传媒
142,sh600986,801760,传媒
143,sh600996,801760,传媒
144,sh601019,801760,传媒
145,sh601098,801760,传媒
146,sh601595,801760,传媒
147,sh601599,801760,传媒
148,sh601801,801760,传媒
149,sh601811,801760,传媒
150,sh601858,801760,传媒
151,sh601900,801760,传媒
152,sh601928,801760,传媒
153,sh601929,801760,传媒
154,sh601949,801760,传媒
155,sh601999,801760,传媒
156,sh603000,801760,传媒
157,sh603096,801760,传媒
158,sh603103,801760,传媒
159,sh603258,801760,传媒
160,sh603444,801760,传媒
161,sh603533,801760,传媒
162,sh603598,801760,传媒
163,sh603613,801760,传媒
164,sh603721,801760,传媒
165,sh603729,801760,传媒
166,sh603825,801760,传媒
167,sh603888,801760,传媒
168,sh603999,801760,传媒
169,sh605136,801760,传媒
170,sh605168,801760,传媒
0,sz000032,801770,通信
1,sz000063,801770,通信
2,sz000070,801770,通信
3,sz000586,801770,通信
4,sz000836,801770,通信
5,sz000851,801770,通信
6,sz000889,801770,通信
7,sz000971,801770,通信
8,sz002017,801770,通信
9,sz002089,801770,通信
10,sz002093,801770,通信
11,sz002104,801770,通信
12,sz002115,801770,通信
13,sz002194,801770,通信
14,sz002231,801770,通信
15,sz002281,801770,通信
16,sz002313,801770,通信
17,sz002396,801770,通信
18,sz002446,801770,通信
19,sz002467,801770,通信
20,sz002491,801770,通信
21,sz002544,801770,通信
22,sz002583,801770,通信
23,sz002792,801770,通信
24,sz002897,801770,通信
25,sz002902,801770,通信
26,sz002908,801770,通信
27,sz002929,801770,通信
28,sz003031,801770,通信
29,sz300017,801770,通信
30,sz300025,801770,通信
31,sz300050,801770,通信
32,sz300081,801770,通信
33,sz300098,801770,通信
34,sz300134,801770,通信
35,sz300183,801770,通信
36,sz300205,801770,通信
37,sz300211,801770,通信
38,sz300213,801770,通信
39,sz300252,801770,通信
40,sz300308,801770,通信
41,sz300310,801770,通信
42,sz300312,801770,通信
43,sz300353,801770,通信
44,sz300383,801770,通信
45,sz300394,801770,通信
46,sz300414,801770,通信
47,sz300502,801770,通信
48,sz300504,801770,通信
49,sz300513,801770,通信
50,sz300531,801770,通信
51,sz300548,801770,通信
52,sz300555,801770,通信
53,sz300560,801770,通信
54,sz300563,801770,通信
55,sz300565,801770,通信
56,sz300570,801770,通信
57,sz300571,801770,通信
58,sz300578,801770,通信
59,sz300590,801770,通信
60,sz300597,801770,通信
61,sz300603,801770,通信
62,sz300615,801770,通信
63,sz300620,801770,通信
64,sz300627,801770,通信
65,sz300628,801770,通信
66,sz300638,801770,通信
67,sz300689,801770,通信
68,sz300698,801770,通信
69,sz300710,801770,通信
70,sz300711,801770,通信
71,sz300913,801770,通信
72,sz300921,801770,通信
73,sh600050,801770,通信
74,sh600105,801770,通信
75,sh600130,801770,通信
76,sh600260,801770,通信
77,sh600289,801770,通信
78,sh600293,801770,通信
79,sh600345,801770,通信
80,sh600355,801770,通信
81,sh600462,801770,通信
82,sh600487,801770,通信
83,sh600498,801770,通信
84,sh600522,801770,通信
85,sh600734,801770,通信
86,sh600775,801770,通信
87,sh600776,801770,通信
88,sh600804,801770,通信
89,sh601869,801770,通信
90,sh603042,801770,通信
91,sh603083,801770,通信
92,sh603118,801770,通信
93,sh603220,801770,通信
94,sh603236,801770,通信
95,sh603322,801770,通信
96,sh603421,801770,通信
97,sh603559,801770,通信
98,sh603602,801770,通信
99,sh603703,801770,通信
100,sh603712,801770,通信
101,sh603803,801770,通信
0,sz000001,801780,银行
1,sz002142,801780,银行
2,sz002807,801780,银行
3,sz002839,801780,银行
4,sz002936,801780,银行
5,sz002948,801780,银行
6,sz002958,801780,银行
7,sz002966,801780,银行
8,sh600000,801780,银行
9,sh600015,801780,银行
10,sh600016,801780,银行
11,sh600036,801780,银行
12,sh600908,801780,银行
13,sh600919,801780,银行
14,sh600926,801780,银行
15,sh600928,801780,银行
16,sh601009,801780,银行
17,sh601077,801780,银行
18,sh601128,801780,银行
19,sh601166,801780,银行
20,sh601169,801780,银行
21,sh601187,801780,银行
22,sh601229,801780,银行
23,sh601288,801780,银行
24,sh601328,801780,银行
25,sh601398,801780,银行
26,sh601577,801780,银行
27,sh601658,801780,银行
28,sh601818,801780,银行
29,sh601838,801780,银行
30,sh601860,801780,银行
31,sh601916,801780,银行
32,sh601939,801780,银行
33,sh601963,801780,银行
34,sh601988,801780,银行
35,sh601997,801780,银行
36,sh601998,801780,银行
37,sh603323,801780,银行
0,sz000046,801790,非银金融
1,sz000166,801790,非银金融
2,sz000415,801790,非银金融
3,sz000416,801790,非银金融
4,sz000563,801790,非银金融
5,sz000567,801790,非银金融
6,sz000617,801790,非银金融
7,sz000627,801790,非银金融
8,sz000666,801790,非银金融
9,sz000686,801790,非银金融
10,sz000712,801790,非银金融
11,sz000728,801790,非银金融
12,sz000750,801790,非银金融
13,sz000776,801790,非银金融
14,sz000783,801790,非银金融
15,sz000890,801790,非银金融
16,sz000958,801790,非银金融
17,sz000987,801790,非银金融
18,sz002423,801790,非银金融
19,sz002500,801790,非银金融
20,sz002647,801790,非银金融
21,sz002670,801790,非银金融
22,sz002673,801790,非银金融
23,sz002736,801790,非银金融
24,sz002797,801790,非银金融
25,sz002926,801790,非银金融
26,sz002939,801790,非银金融
27,sz002945,801790,非银金融
28,sz002961,801790,非银金融
29,sz300023,801790,非银金融
30,sz300059,801790,非银金融
31,sz300176,801790,非银金融
32,sz300309,801790,非银金融
33,sh600030,801790,非银金融
34,sh600053,801790,非银金融
35,sh600061,801790,非银金融
36,sh600093,801790,非银金融
37,sh600095,801790,非银金融
38,sh600109,801790,非银金融
39,sh600120,801790,非银金融
40,sh600155,801790,非银金融
41,sh600291,801790,非银金融
42,sh600318,801790,非银金融
43,sh600369,801790,非银金融
44,sh600390,801790,非银金融
45,sh600599,801790,非银金融
46,sh600621,801790,非银金融
47,sh600643,801790,非银金融
48,sh600695,801790,非银金融
49,sh600696,801790,非银金融
50,sh600705,801790,非银金融
51,sh600783,801790,非银金融
52,sh600816,801790,非银金融
53,sh600830,801790,非银金融
54,sh600837,801790,非银金融
55,sh600864,801790,非银金融
56,sh600901,801790,非银金融
57,sh600909,801790,非银金融
58,sh600918,801790,非银金融
59,sh600958,801790,非银金融
60,sh600999,801790,非银金融
61,sh601066,801790,非银金融
62,sh601099,801790,非银金融
63,sh601108,801790,非银金融
64,sh601162,801790,非银金融
65,sh601198,801790,非银金融
66,sh601211,801790,非银金融
67,sh601236,801790,非银金融
68,sh601318,801790,非银金融
69,sh601319,801790,非银金融
70,sh601336,801790,非银金融
71,sh601375,801790,非银金融
72,sh601377,801790,非银金融
73,sh601456,801790,非银金融
74,sh601555,801790,非银金融
75,sh601601,801790,非银金融
76,sh601628,801790,非银金融
77,sh601688,801790,非银金融
78,sh601696,801790,非银金融
79,sh601788,801790,非银金融
80,sh601878,801790,非银金融
81,sh601881,801790,非银金融
82,sh601901,801790,非银金融
83,sh601990,801790,非银金融
84,sh601995,801790,非银金融
85,sh603093,801790,非银金融
86,sh603300,801790,非银金融
0,sz000017,801880,汽车
1,sz000025,801880,汽车
2,sz000030,801880,汽车
3,sz000338,801880,汽车
4,sz000550,801880,汽车
5,sz000559,801880,汽车
6,sz000572,801880,汽车
7,sz000581,801880,汽车
8,sz000622,801880,汽车
9,sz000625,801880,汽车
10,sz000678,801880,汽车
11,sz000700,801880,汽车
12,sz000753,801880,汽车
13,sz000757,801880,汽车
14,sz000800,801880,汽车
15,sz000868,801880,汽车
16,sz000887,801880,汽车
17,sz000903,801880,汽车
18,sz000913,801880,汽车
19,sz000927,801880,汽车
20,sz000951,801880,汽车
21,sz000957,801880,汽车
22,sz000980,801880,汽车
23,sz000996,801880,汽车
24,sz001696,801880,汽车
25,sz002048,801880,汽车
26,sz002085,801880,汽车
27,sz002101,801880,汽车
28,sz002105,801880,汽车
29,sz002126,801880,汽车
30,sz002213,801880,汽车
31,sz002239,801880,汽车
32,sz002265,801880,汽车
33,sz002283,801880,汽车
34,sz002284,801880,汽车
35,sz002328,801880,汽车
36,sz002355,801880,汽车
37,sz002363,801880,汽车
38,sz002406,801880,汽车
39,sz002434,801880,汽车
40,sz002448,801880,汽车
41,sz002454,801880,汽车
42,sz002472,801880,汽车
43,sz002488,801880,汽车
44,sz002510,801880,汽车
45,sz002516,801880,汽车
46,sz002536,801880,汽车
47,sz002553,801880,汽车
48,sz002590,801880,汽车
49,sz002592,801880,汽车
50,sz002594,801880,汽车
51,sz002625,801880,汽车
52,sz002662,801880,汽车
53,sz002684,801880,汽车
54,sz002703,801880,汽车
55,sz002708,801880,汽车
56,sz002715,801880,汽车
57,sz002725,801880,汽车
58,sz002765,801880,汽车
59,sz002813,801880,汽车
60,sz002863,801880,汽车
61,sz002865,801880,汽车
62,sz002906,801880,汽车
63,sz002921,801880,汽车
64,sz002997,801880,汽车
65,sz003033,801880,汽车
66,sz300100,801880,汽车
67,sz300258,801880,汽车
68,sz300304,801880,汽车
69,sz300375,801880,汽车
70,sz300428,801880,汽车
71,sz300432,801880,汽车
72,sz300473,801880,汽车
73,sz300507,801880,汽车
74,sz300547,801880,汽车
75,sz300580,801880,汽车
76,sz300585,801880,汽车
77,sz300611,801880,汽车
78,sz300643,801880,汽车
79,sz300652,801880,汽车
80,sz300680,801880,汽车
81,sz300681,801880,汽车
82,sz300694,801880,汽车
83,sz300695,801880,汽车
84,sz300707,801880,汽车
85,sz300733,801880,汽车
86,sz300742,801880,汽车
87,sz300816,801880,汽车
88,sz300825,801880,汽车
89,sz300863,801880,汽车
90,sz300893,801880,汽车
91,sz300912,801880,汽车
92,sz300926,801880,汽车
93,sz300928,801880,汽车
94,sh600006,801880,汽车
95,sh600066,801880,汽车
96,sh600081,801880,汽车
97,sh600099,801880,汽车
98,sh600104,801880,汽车
99,sh600148,801880,汽车
100,sh600166,801880,汽车
101,sh600178,801880,汽车
102,sh600213,801880,汽车
103,sh600297,801880,汽车
104,sh600303,801880,汽车
105,sh600327,801880,汽车
106,sh600335,801880,汽车
107,sh600418,801880,汽车
108,sh600480,801880,汽车
109,sh600523,801880,汽车
110,sh600609,801880,汽车
111,sh600626,801880,汽车
112,sh600653,801880,汽车
113,sh600660,801880,汽车
114,sh600676,801880,汽车
115,sh600679,801880,汽车
116,sh600686,801880,汽车
117,sh600698,801880,汽车
118,sh600699,801880,汽车
119,sh600733,801880,汽车
120,sh600741,801880,汽车
121,sh600742,801880,汽车
122,sh600877,801880,汽车
123,sh600933,801880,汽车
124,sh600960,801880,汽车
125,sh601127,801880,汽车
126,sh601238,801880,汽车
127,sh601258,801880,汽车
128,sh601311,801880,汽车
129,sh601633,801880,汽车
130,sh601689,801880,汽车
131,sh601717,801880,汽车
132,sh601777,801880,汽车
133,sh601799,801880,汽车
134,sh601965,801880,汽车
135,sh603006,801880,汽车
136,sh603009,801880,汽车
137,sh603013,801880,汽车
138,sh603023,801880,汽车
139,sh603035,801880,汽车
140,sh603037,801880,汽车
141,sh603040,801880,汽车
142,sh603085,801880,汽车
143,sh603089,801880,汽车
144,sh603109,801880,汽车
145,sh603121,801880,汽车
146,sh603129,801880,汽车
147,sh603158,801880,汽车
148,sh603161,801880,汽车
149,sh603166,801880,汽车
150,sh603178,801880,汽车
151,sh603179,801880,汽车
152,sh603197,801880,汽车
153,sh603239,801880,汽车
154,sh603286,801880,汽车
155,sh603305,801880,汽车
156,sh603306,801880,汽车
157,sh603319,801880,汽车
158,sh603335,801880,汽车
159,sh603348,801880,汽车
160,sh603358,801880,汽车
161,sh603377,801880,汽车
162,sh603390,801880,汽车
163,sh603586,801880,汽车
164,sh603596,801880,汽车
165,sh603655,801880,汽车
166,sh603701,801880,汽车
167,sh603730,801880,汽车
168,sh603758,801880,汽车
169,sh603766,801880,汽车
170,sh603767,801880,汽车
171,sh603768,801880,汽车
172,sh603776,801880,汽车
173,sh603786,801880,汽车
174,sh603787,801880,汽车
175,sh603788,801880,汽车
176,sh603809,801880,汽车
177,sh603917,801880,汽车
178,sh603922,801880,汽车
179,sh603926,801880,汽车
180,sh603950,801880,汽车
181,sh603982,801880,汽车
182,sh603997,801880,汽车
183,sh605005,801880,汽车
184,sh605018,801880,汽车
185,sh605068,801880,汽车
186,sh605088,801880,汽车
187,sh605128,801880,汽车
188,sh605133,801880,汽车
189,sh605228,801880,汽车
190,sh605255,801880,汽车
191,sh605333,801880,汽车
0,sz000008,801890,机械设备
1,sz000039,801890,机械设备
2,sz000157,801890,机械设备
3,sz000410,801890,机械设备
4,sz000425,801890,机械设备
5,sz000528,801890,机械设备
6,sz000530,801890,机械设备
7,sz000551,801890,机械设备
8,sz000570,801890,机械设备
9,sz000584,801890,机械设备
10,sz000595,801890,机械设备
11,sz000680,801890,机械设备
12,sz000777,801890,机械设备
13,sz000811,801890,机械设备
14,sz000816,801890,机械设备
15,sz000821,801890,机械设备
16,sz000837,801890,机械设备
17,sz000852,801890,机械设备
18,sz000856,801890,机械设备
19,sz000880,801890,机械设备
20,sz000901,801890,机械设备
21,sz000925,801890,机械设备
22,sz000976,801890,机械设备
23,sz002006,801890,机械设备
24,sz002009,801890,机械设备
25,sz002021,801890,机械设备
26,sz002026,801890,机械设备
27,sz002031,801890,机械设备
28,sz002046,801890,机械设备
29,sz002073,801890,机械设备
30,sz002097,801890,机械设备
31,sz002111,801890,机械设备
32,sz002122,801890,机械设备
33,sz002132,801890,机械设备
34,sz002150,801890,机械设备
35,sz002158,801890,机械设备
36,sz002164,801890,机械设备
37,sz002192,801890,机械设备
38,sz002204,801890,机械设备
39,sz002209,801890,机械设备
40,sz002248,801890,机械设备
41,sz002272,801890,机械设备
42,sz002278,801890,机械设备
43,sz002282,801890,机械设备
44,sz002337,801890,机械设备
45,sz002338,801890,机械设备
46,sz002342,801890,机械设备
47,sz002347,801890,机械设备
48,sz002353,801890,机械设备
49,sz002366,801890,机械设备
50,sz002367,801890,机械设备
51,sz002426,801890,机械设备
52,sz002430,801890,机械设备
53,sz002438,801890,机械设备
54,sz002444,801890,机械设备
55,sz002480,801890,机械设备
56,sz002483,801890,机械设备
57,sz002487,801890,机械设备
58,sz002490,801890,机械设备
59,sz002514,801890,机械设备
60,sz002520,801890,机械设备
61,sz002523,801890,机械设备
62,sz002526,801890,机械设备
63,sz002529,801890,机械设备
64,sz002532,801890,机械设备
65,sz002535,801890,机械设备
66,sz002552,801890,机械设备
67,sz002559,801890,机械设备
68,sz002564,801890,机械设备
69,sz002595,801890,机械设备
70,sz002598,801890,机械设备
71,sz002611,801890,机械设备
72,sz002613,801890,机械设备
73,sz002633,801890,机械设备
74,sz002639,801890,机械设备
75,sz002645,801890,机械设备
76,sz002651,801890,机械设备
77,sz002667,801890,机械设备
78,sz002685,801890,机械设备
79,sz002686,801890,机械设备
80,sz002689,801890,机械设备
81,sz002690,801890,机械设备
82,sz002691,801890,机械设备
83,sz002698,801890,机械设备
84,sz002722,801890,机械设备
85,sz002730,801890,机械设备
86,sz002747,801890,机械设备
87,sz002757,801890,机械设备
88,sz002760,801890,机械设备
89,sz002774,801890,机械设备
90,sz002779,801890,机械设备
91,sz002786,801890,机械设备
92,sz002795,801890,机械设备
93,sz002796,801890,机械设备
94,sz002816,801890,机械设备
95,sz002819,801890,机械设备
96,sz002833,801890,机械设备
97,sz002837,801890,机械设备
98,sz002843,801890,机械设备
99,sz002849,801890,机械设备
100,sz002857,801890,机械设备
101,sz002870,801890,机械设备
102,sz002871,801890,机械设备
103,sz002877,801890,机械设备
104,sz002884,801890,机械设备
105,sz002890,801890,机械设备
106,sz002896,801890,机械设备
107,sz002903,801890,机械设备
108,sz002931,801890,机械设备
109,sz002943,801890,机械设备
110,sz002957,801890,机械设备
111,sz002960,801890,机械设备
112,sz002965,801890,机械设备
113,sz002972,801890,机械设备
114,sz002975,801890,机械设备
115,sz002980,801890,机械设备
116,sz003025,801890,机械设备
117,sz003036,801890,机械设备
118,sz300004,801890,机械设备
119,sz300007,801890,机械设备
120,sz300024,801890,机械设备
121,sz300064,801890,机械设备
122,sz300066,801890,机械设备
123,sz300080,801890,机械设备
124,sz300084,801890,机械设备
125,sz300091,801890,机械设备
126,sz300092,801890,机械设备
127,sz300095,801890,机械设备
128,sz300097,801890,机械设备
129,sz300099,801890,机械设备
130,sz300103,801890,机械设备
131,sz300112,801890,机械设备
132,sz300114,801890,机械设备
133,sz300126,801890,机械设备
134,sz300145,801890,机械设备
135,sz300151,801890,机械设备
136,sz300154,801890,机械设备
137,sz300161,801890,机械设备
138,sz300165,801890,机械设备
139,sz300171,801890,机械设备
140,sz300173,801890,机械设备
141,sz300179,801890,机械设备
142,sz300193,801890,机械设备
143,sz300195,801890,机械设备
144,sz300201,801890,机械设备
145,sz300210,801890,机械设备
146,sz300222,801890,机械设备
147,sz300228,801890,机械设备
148,sz300257,801890,机械设备
149,sz300259,801890,机械设备
150,sz300260,801890,机械设备
151,sz300275,801890,机械设备
152,sz300276,801890,机械设备
153,sz300278,801890,机械设备
154,sz300281,801890,机械设备
155,sz300293,801890,机械设备
156,sz300306,801890,机械设备
157,sz300307,801890,机械设备
158,sz300341,801890,机械设备
159,sz300345,801890,机械设备
160,sz300349,801890,机械设备
161,sz300351,801890,机械设备
162,sz300354,801890,机械设备
163,sz300370,801890,机械设备
164,sz300371,801890,机械设备
165,sz300382,801890,机械设备
166,sz300385,801890,机械设备
167,sz300391,801890,机械设备
168,sz300400,801890,机械设备
169,sz300402,801890,机械设备
170,sz300410,801890,机械设备
171,sz300411,801890,机械设备
172,sz300412,801890,机械设备
173,sz300415,801890,机械设备
174,sz300416,801890,机械设备
175,sz300417,801890,机械设备
176,sz300420,801890,机械设备
177,sz300421,801890,机械设备
178,sz300430,801890,机械设备
179,sz300441,801890,机械设备
180,sz300442,801890,机械设备
181,sz300445,801890,机械设备
182,sz300450,801890,机械设备
183,sz300457,801890,机械设备
184,sz300461,801890,机械设备
185,sz300464,801890,机械设备
186,sz300470,801890,机械设备
187,sz300471,801890,机械设备
188,sz300472,801890,机械设备
189,sz300480,801890,机械设备
190,sz300483,801890,机械设备
191,sz300486,801890,机械设备
192,sz300488,801890,机械设备
193,sz300499,801890,机械设备
194,sz300503,801890,机械设备
195,sz300509,801890,机械设备
196,sz300512,801890,机械设备
197,sz300515,801890,机械设备
198,sz300521,801890,机械设备
199,sz300540,801890,机械设备
200,sz300549,801890,机械设备
201,sz300551,801890,机械设备
202,sz300553,801890,机械设备
203,sz300554,801890,机械设备
204,sz300557,801890,机械设备
205,sz300567,801890,机械设备
206,sz300572,801890,机械设备
207,sz300594,801890,机械设备
208,sz300604,801890,机械设备
209,sz300606,801890,机械设备
210,sz300607,801890,机械设备
211,sz300619,801890,机械设备
212,sz300629,801890,机械设备
213,sz300648,801890,机械设备
214,sz300667,801890,机械设备
215,sz300669,801890,机械设备
216,sz300700,801890,机械设备
217,sz300718,801890,机械设备
218,sz300720,801890,机械设备
219,sz300724,801890,机械设备
220,sz300751,801890,机械设备
221,sz300756,801890,机械设备
222,sz300757,801890,机械设备
223,sz300776,801890,机械设备
224,sz300780,801890,机械设备
225,sz300786,801890,机械设备
226,sz300800,801890,机械设备
227,sz300802,801890,机械设备
228,sz300809,801890,机械设备
229,sz300812,801890,机械设备
230,sz300813,801890,机械设备
231,sz300817,801890,机械设备
232,sz300818,801890,机械设备
233,sz300823,801890,机械设备
234,sz300833,801890,机械设备
235,sz300836,801890,机械设备
236,sz300837,801890,机械设备
237,sz300838,801890,机械设备
238,sz300851,801890,机械设备
239,sz300853,801890,机械设备
240,sz300861,801890,机械设备
241,sz300862,801890,机械设备
242,sz300865,801890,机械设备
243,sz300879,801890,机械设备
244,sz300885,801890,机械设备
245,sz300897,801890,机械设备
246,sz300902,801890,机械设备
247,sz300906,801890,机械设备
248,sz300923,801890,机械设备
249,sz300931,801890,机械设备
250,sz300943,801890,机械设备
251,sz300946,801890,机械设备
252,sz300950,801890,机械设备
253,sh600031,801890,机械设备
254,sh600169,801890,机械设备
255,sh600172,801890,机械设备
256,sh600218,801890,机械设备
257,sh600243,801890,机械设备
258,sh600262,801890,机械设备
259,sh600302,801890,机械设备
260,sh600320,801890,机械设备
261,sh600375,801890,机械设备
262,sh600388,801890,机械设备
263,sh600421,801890,机械设备
264,sh600444,801890,机械设备
265,sh600481,801890,机械设备
266,sh600495,801890,机械设备
267,sh600499,801890,机械设备
268,sh600501,801890,机械设备
269,sh600520,801890,机械设备
270,sh600526,801890,机械设备
271,sh600528,801890,机械设备
272,sh600545,801890,机械设备
273,sh600558,801890,机械设备
274,sh600560,801890,机械设备
275,sh600579,801890,机械设备
276,sh600582,801890,机械设备
277,sh600592,801890,机械设备
278,sh600761,801890,机械设备
279,sh600815,801890,机械设备
280,sh600835,801890,机械设备
281,sh600841,801890,机械设备
282,sh600843,801890,机械设备
283,sh600860,801890,机械设备
284,sh600894,801890,机械设备
285,sh600984,801890,机械设备
286,sh600992,801890,机械设备
287,sh601002,801890,机械设备
288,sh601028,801890,机械设备
289,sh601038,801890,机械设备
290,sh601100,801890,机械设备
291,sh601106,801890,机械设备
292,sh601177,801890,机械设备
293,sh601369,801890,机械设备
294,sh601399,801890,机械设备
295,sh601608,801890,机械设备
296,sh601766,801890,机械设备
297,sh601798,801890,机械设备
298,sh601882,801890,机械设备
299,sh603011,801890,机械设备
300,sh603012,801890,机械设备
301,sh603028,801890,机械设备
302,sh603029,801890,机械设备
303,sh603036,801890,机械设备
304,sh603076,801890,机械设备
305,sh603088,801890,机械设备
306,sh603090,801890,机械设备
307,sh603095,801890,机械设备
308,sh603111,801890,机械设备
309,sh603131,801890,机械设备
310,sh603159,801890,机械设备
311,sh603169,801890,机械设备
312,sh603185,801890,机械设备
313,sh603187,801890,机械设备
314,sh603203,801890,机械设备
315,sh603269,801890,机械设备
316,sh603277,801890,机械设备
317,sh603278,801890,机械设备
318,sh603279,801890,机械设备
319,sh603283,801890,机械设备
320,sh603289,801890,机械设备
321,sh603298,801890,机械设备
322,sh603308,801890,机械设备
323,sh603315,801890,机械设备
324,sh603318,801890,机械设备
325,sh603321,801890,机械设备
326,sh603331,801890,机械设备
327,sh603337,801890,机械设备
328,sh603338,801890,机械设备
329,sh603339,801890,机械设备
330,sh603356,801890,机械设备
331,sh603486,801890,机械设备
332,sh603488,801890,机械设备
333,sh603500,801890,机械设备
334,sh603556,801890,机械设备
335,sh603611,801890,机械设备
336,sh603617,801890,机械设备
337,sh603626,801890,机械设备
338,sh603638,801890,机械设备
339,sh603656,801890,机械设备
340,sh603662,801890,机械设备
341,sh603666,801890,机械设备
342,sh603667,801890,机械设备
343,sh603680,801890,机械设备
344,sh603686,801890,机械设备
345,sh603690,801890,机械设备
346,sh603699,801890,机械设备
347,sh603700,801890,机械设备
348,sh603757,801890,机械设备
349,sh603789,801890,机械设备
350,sh603800,801890,机械设备
351,sh603855,801890,机械设备
352,sh603895,801890,机械设备
353,sh603901,801890,机械设备
354,sh603912,801890,机械设备
355,sh603915,801890,机械设备
356,sh603956,801890,机械设备
357,sh603960,801890,机械设备
358,sh603966,801890,机械设备
359,sh603969,801890,机械设备
360,sh603985,801890,机械设备
361,sh605001,801890,机械设备
362,sh605060,801890,机械设备
363,sh605100,801890,机械设备
364,sh605186,801890,机械设备
365,sh605298,801890,机械设备
